{
  "features": [
    {
      "geometry": {
        "coordinates": [
          [
            [
              [
                -4.949691354647925,
                36.49972279235235
              ],
              [
                -4.949719298542708,
                36.4998086862871
              ],
              [
                -4.949475538880098,
                36.49986044342675
              ],
              [
                -4.9494475974903125,
                36.49977463952762
              ],
              [
                -4.949691354647925,
                36.49972279235235
              ]
            ]
          ],
          [
            [
              [
                -4.949666911320254,
                36.499682991070635
              ],
              [
                -4.949617572629397,
                36.4997011038469
              ],
              [
                -4.949523747995688,
                36.49953462315545
              ],
              [
                -4.949573195944111,
                36.49951641849619
              ],
              [
                -4.949666911320254,
                36.499682991070635
              ]
            ]
          ],
          [
            [
              [
                -4.946750485187309,
                36.49754437025597
              ],
              [
                -4.946735941666339,
                36.497476284124375
              ],
              [
                -4.9469448755901775,
                36.497447274765626
              ],
              [
                -4.946959419286428,
                36.49751536086674
              ],
              [
                -4.946750485187309,
                36.49754437025597
              ]
            ]
          ]
        ],
        "type": "MultiPolygon"
      },
      "id": "ES.SDGC.BU.000600600UF24B",
      "properties": {
        "begin_lifespan_version": "2026-04-08T00:00:00",
        "local_id": "000600600UF24B",
        "source_authority": "Dirección General del Catastro"
      },
      "type": "Feature"
    },
    {
      "geometry": {
        "coordinates": [
          [
            [
              [
                -4.953103770795186,
                36.495964691951784
              ],
              [
                -4.95304306471738,
                36.495965686058106
              ],
              [
                -4.9530421956183375,
                36.49593108787543
              ],
              [
                -4.953016306272224,
                36.49593151182262
              ],
              [
                -4.953016715920073,
                36.495947819820465
              ],
              [
                -4.952949202737877,
                36.49594892534665
              ],
              [
                -4.9529438576357805,
                36.49594946355337
              ],
              [
                -4.95294328052918,
                36.4959264881963
              ],
              [
                -4.952943669449137,
                36.49591530490208
              ],
              [
                -4.952941465476599,
                36.49585422844514
              ],
              [
                -4.952868944315048,
                36.49585595674735
              ],
              [
                -4.952869745442434,
                36.4958878519507
              ],
              [
                -4.95286673245958,
                36.495887901285265
              ],
              [
                -4.9528666541121495,
                36.495893671304124
              ],
              [
                -4.952799252562882,
                36.49589477491685
              ],
              [
                -4.952799291033753,
                36.49589630660745
              ],
              [
                -4.952800632990119,
                36.49594973557983
              ],
              [
                -4.952569416502045,
                36.495953611300955
              ],
              [
                -4.952569859997517,
                36.495971270794975
              ],
              [
                -4.952479905450885,
                36.495972292769835
              ],
              [
                -4.9523852753426505,
                36.49597384189819
              ],
              [
                -4.952384761751012,
                36.495953389318686
              ],
              [
                -4.9523548550722145,
                36.495953878885736
              ],
              [
                -4.952326399089853,
                36.495954344698184
              ],
              [
                -4.952322876468066,
                36.49581405981774
              ],
              [
                -4.952297545109244,
                36.495814474474344
              ],
              [
                -4.952296137895524,
                36.49575843259989
              ],
              [
                -4.952321806273966,
                36.495758102563556
              ],
              [
                -4.9524714508790915,
                36.49575565287918
              ],
              [
                -4.9525652995745,
                36.49575411647882
              ],
              [
                -4.953039464297898,
                36.49574680346397
              ],
              [
                -4.953223073445203,
                36.495745419105
              ],
              [
                -4.953223154930168,
                36.495748662684385
              ],
              [
                -4.953266229338805,
                36.495747957249215
              ],
              [
                -4.953325498127704,
                36.495747527390115
              ],
              [
                -4.953330753535494,
                36.49596115494289
              ],
              [
                -4.953103770795186,
                36.495964691951784
              ]
            ],
            [
              [
                -4.9532252812580095,
                36.4957977522518
              ],
              [
                -4.9532271961639225,
                36.495873976366106
              ],
              [
                -4.953257772347893,
                36.49587347561588
              ],
              [
                -4.953255891364751,
                36.495798602994334
              ],
              [
                -4.9532252812580095,
                36.4957977522518
              ]
            ],
            [
              [
                -4.952912120337431,
                36.4957748480174
              ],
              [
                -4.952866932449849,
                36.49577585834033
              ],
              [
                -4.952866992850707,
                36.49578270772542
              ],
              [
                -4.952867425095661,
                36.495799916719584
              ],
              [
                -4.952912731378377,
                36.495799174867145
              ],
              [
                -4.952912120337431,
                36.4957748480174
              ]
            ]
          ]
        ],
        "type": "MultiPolygon"
      },
      "id": "ES.SDGC.BU.4808105UF2440N",
      "properties": {
        "begin_lifespan_version": "2009-11-04T00:00:00",
        "local_id": "4808105UF2440N",
        "source_authority": "Dirección General del Catastro"
      },
      "type": "Feature"
    },
    {
      "geometry": {
        "coordinates": [
          [
            [
              [
                -4.9528439444147505,
                36.495633999342104
              ],
              [
                -4.952576174337707,
                36.495640366444015
              ],
              [
                -4.952353145652144,
                36.495645730143465
              ],
              [
                -4.952297361140632,
                36.49564709398483
              ],
              [
                -4.952290716143105,
                36.49546692973081
              ],
              [
                -4.952346500525709,
                36.49546556589641
              ],
              [
                -4.952569640287243,
                36.495460200397815
              ],
              [
                -4.952570991729942,
                36.49549623287681
              ],
              [
                -4.952749392446841,
                36.495491960020395
              ],
              [
                -4.952746549099258,
                36.49541430890471
              ],
              [
                -4.952835911086331,
                36.495411944392025
              ],
              [
                -4.953081243697868,
                36.49540567373889
              ],
              [
                -4.95308939836978,
                36.49562808722198
              ],
              [
                -4.9528439444147505,
                36.495633999342104
              ]
            ]
          ]
        ],
        "type": "MultiPolygon"
      },
      "id": "ES.SDGC.BU.4906601UF2440N",
      "properties": {
        "begin_lifespan_version": "2010-09-21T00:00:00",
        "local_id": "4906601UF2440N",
        "source_authority": "Dirección General del Catastro"
      },
      "type": "Feature"
    },
    {
      "geometry": {
        "coordinates": [
          [
            [
              [
                -4.952744097949565,
                36.49534782829372
              ],
              [
                -4.952565697562481,
                36.4953521011324
              ],
              [
                -4.952566937407908,
                36.495388135439065
              ],
              [
                -4.952343797852626,
                36.495393500926454
              ],
              [
                -4.9522880135215805,
                36.49539486475806
              ],
              [
                -4.952281480185201,
                36.49521469866842
              ],
              [
                -4.952337264387334,
                36.4952133348437
              ],
              [
                -4.952560405689608,
                36.49520805948337
              ],
              [
                -4.952828060427867,
                36.49520160418876
              ],
              [
                -4.953073513021579,
                36.49519569214189
              ],
              [
                -4.953081243697868,
                36.49540567373889
              ],
              [
                -4.952835911086331,
                36.495411944392025
              ],
              [
                -4.952746549099258,
                36.49541430890471
              ],
              [
                -4.952744097949565,
                36.49534782829372
              ]
            ]
          ]
        ],
        "type": "MultiPolygon"
      },
      "id": "ES.SDGC.BU.4906605UF2440N",
      "properties": {
        "begin_lifespan_version": "2010-09-21T00:00:00",
        "local_id": "4906605UF2440N",
        "source_authority": "Dirección General del Catastro"
      },
      "type": "Feature"
    },
    {
      "geometry": {
        "coordinates": [
          [
            [
              [
                -4.9533917292269285,
                36.49846802338607
              ],
              [
                -4.953337216488689,
                36.498480093149446
              ],
              [
                -4.9533484942966215,
                36.498511275923875
              ],
              [
                -4.953206007441036,
                36.49854110117666
              ],
              [
                -4.95319597308313,
                36.49851052897916
              ],
              [
                -4.953140032172538,
                36.49852352340713
              ],
              [
                -4.9530871891069985,
                36.49837097653352
              ],
              [
                -4.953153251153793,
                36.49835646433299
              ],
              [
                -4.953175573669699,
                36.49842288987722
              ],
              [
                -4.9532094337526855,
                36.498415304701496
              ],
              [
                -4.953202807044665,
                36.49839594375331
              ],
              [
                -4.9532608613760685,
                36.49838264427464
              ],
              [
                -4.953268608579986,
                36.49840216714114
              ],
              [
                -4.953289700807507,
                36.49839740500868
              ],
              [
                -4.953265084501321,
                36.498333000056114
              ],
              [
                -4.953332763814355,
                36.49831620785816
              ],
              [
                -4.9533917292269285,
                36.49846802338607
              ]
            ]
          ]
        ],
        "type": "MultiPolygon"
      },
      "id": "ES.SDGC.BU.4911110UF2441S",
      "properties": {
        "begin_lifespan_version": "2009-10-21T00:00:00",
        "local_id": "4911110UF2441S",
        "source_authority": "Dirección General del Catastro"
      },
      "type": "Feature"
    },
    {
      "geometry": {
        "coordinates": [
          [
            [
              [
                -4.953886292079238,
                36.49724163763782
              ],
              [
                -4.953890796296416,
                36.497260943186255
              ],
              [
                -4.953871223707406,
                36.49726396793268
              ],
              [
                -4.953878600270222,
                36.49729539484765
              ],
              [
                -4.953880605415779,
                36.49730410523502
              ],
              [
                -4.9538426809538745,
                36.49730986431392
              ],
              [
                -4.953840680340988,
                36.497301334124536
              ],
              [
                -4.953825776570067,
                36.49730356128539
              ],
              [
                -4.953829916558804,
                36.49732170102892
              ],
              [
                -4.953800555383359,
                36.497326148033764
              ],
              [
                -4.953805321265945,
                36.49734698161869
              ],
              [
                -4.953749270352518,
                36.4973555614374
              ],
              [
                -4.9537435143716095,
                36.49733086820138
              ],
              [
                -4.953671527510735,
                36.49734502709016
              ],
              [
                -4.953667675752296,
                36.4973339132637
              ],
              [
                -4.953661410987055,
                36.49731562804687
              ],
              [
                -4.95364922983222,
                36.497279592724105
              ],
              [
                -4.953579805130915,
                36.49729352931398
              ],
              [
                -4.953586497481866,
                36.497315503126735
              ],
              [
                -4.95353484627028,
                36.4973259036421
              ],
              [
                -4.953524751779629,
                36.49730182227725
              ],
              [
                -4.953493500285293,
                36.4973065705789
              ],
              [
                -4.953492004948003,
                36.49730037565524
              ],
              [
                -4.953478661216622,
                36.497302487083694
              ],
              [
                -4.953480918936489,
                36.497312365115484
              ],
              [
                -4.9534354354750425,
                36.497319419650836
              ],
              [
                -4.953429178888501,
                36.49729257132217
              ],
              [
                -4.953424389805539,
                36.49727525342303
              ],
              [
                -4.95340049219415,
                36.49727943056912
              ],
              [
                -4.953393668598876,
                36.49725223097921
              ],
              [
                -4.953378436831596,
                36.497254733865695
              ],
              [
                -4.953373240540409,
                36.497234538266504
              ],
              [
                -4.953376353849518,
                36.49723403659287
              ],
              [
                -4.953372252455543,
                36.497217428519754
              ],
              [
                -4.9533929319392085,
                36.49721402517988
              ],
              [
                -4.953385355030857,
                36.49718350287779
              ],
              [
                -4.953423375219142,
                36.49717711142154
              ],
              [
                -4.953422763585177,
                36.49717054147681
              ],
              [
                -4.953421431251502,
                36.49717083370836
              ],
              [
                -4.953413022710054,
                36.49714275871392
              ],
              [
                -4.953466156232064,
                36.497133595884065
              ],
              [
                -4.9534982913532835,
                36.49712847257114
              ],
              [
                -4.953554162624506,
                36.49711719172044
              ],
              [
                -4.953561576584532,
                36.49714122685439
              ],
              [
                -4.953604705141004,
                36.497133760164196
              ],
              [
                -4.9536094489729505,
                36.49714927606783
              ],
              [
                -4.953618096621375,
                36.497177978086
              ],
              [
                -4.953662755806766,
                36.497169224391556
              ],
              [
                -4.9536553282281455,
                36.49714464866873
              ],
              [
                -4.953709320505195,
                36.497134119616625
              ],
              [
                -4.953715653189728,
                36.49715510781297
              ],
              [
                -4.953746424269588,
                36.497149015276854
              ],
              [
                -4.953738625659042,
                36.49712300345406
              ],
              [
                -4.953796949682388,
                36.497111592173724
              ],
              [
                -4.95381265853885,
                36.497163613981776
              ],
              [
                -4.953814488679584,
                36.49716980341642
              ],
              [
                -4.953853925573229,
                36.49716203656762
              ],
              [
                -4.953863665965574,
                36.49719423598699
              ],
              [
                -4.9538861739406315,
                36.49719251519931
              ],
              [
                -4.953891178874312,
                36.49721397581995
              ],
              [
                -4.953885952080956,
                36.49721478254113
              ],
              [
                -4.953888346350983,
                36.497225649828714
              ],
              [
                -4.953882787039738,
                36.49722655213378
              ],
              [
                -4.953886292079238,
                36.49724163763782
              ]
            ]
          ],
          [
            [
              [
                -4.953665731736036,
                36.49666567330229
              ],
              [
                -4.953673758940679,
                36.49670078517213
              ],
              [
                -4.953676264755172,
                36.496711650638225
              ],
              [
                -4.953633273592337,
                36.49671568991481
              ],
              [
                -4.953631913146754,
                36.49670597746017
              ],
              [
                -4.953631383005575,
                36.49670265109452
              ],
              [
                -4.953627484039974,
                36.496702985371044
              ],
              [
                -4.953617237852959,
                36.49670396443663
              ],
              [
                -4.953619822243543,
                36.49672240008097
              ],
              [
                -4.953590083483625,
                36.49672514062334
              ],
              [
                -4.953593471002525,
                36.49674888116501
              ],
              [
                -4.953538629902847,
                36.49675671997096
              ],
              [
                -4.953534724523639,
                36.49673902705397
              ],
              [
                -4.953504664557261,
                36.49674231365528
              ],
              [
                -4.953503188006183,
                36.49673242282779
              ],
              [
                -4.953502494207987,
                36.49672702600312
              ],
              [
                -4.953486007856364,
                36.49672846781377
              ],
              [
                -4.953487703063721,
                36.49673817478711
              ],
              [
                -4.953446736396639,
                36.496742811792124
              ],
              [
                -4.9534398562460105,
                36.49671335971657
              ],
              [
                -4.953408145025395,
                36.49671757470404
              ],
              [
                -4.95339742293297,
                36.49667295248626
              ],
              [
                -4.953393977130929,
                36.49667354974241
              ],
              [
                -4.95338475263085,
                36.496635212548334
              ],
              [
                -4.953399096060958,
                36.49663290448512
              ],
              [
                -4.953395707938285,
                36.49661358063415
              ],
              [
                -4.953431217805603,
                36.49660948370608
              ],
              [
                -4.9534292677300025,
                36.49659851899532
              ],
              [
                -4.953489041459302,
                36.49659150081267
              ],
              [
                -4.953493201035058,
                36.49661486816645
              ],
              [
                -4.9535551817253145,
                36.49660682230063
              ],
              [
                -4.9535531290951695,
                36.496596219817874
              ],
              [
                -4.953549685941469,
                36.49657915028506
              ],
              [
                -4.95360597083093,
                36.4965710174164
              ],
              [
                -4.9536061797750905,
                36.49657488986242
              ],
              [
                -4.953645838923871,
                36.4965715361325
              ],
              [
                -4.95364898646324,
                36.49658572613731
              ],
              [
                -4.953652436431093,
                36.49660306596476
              ],
              [
                -4.953675693695624,
                36.4966000710344
              ],
              [
                -4.953678948306608,
                36.4966140790114
              ],
              [
                -4.953682284774595,
                36.49661357367454
              ],
              [
                -4.953693204648101,
                36.49666161781122
              ],
              [
                -4.953665731736036,
                36.49666567330229
              ]
            ]
          ],
          [
            [
              [
                -4.953354484089092,
                36.4964080235387
              ],
              [
                -4.953359454861206,
                36.496428132699116
              ],
              [
                -4.953336327334771,
                36.49643184653431
              ],
              [
                -4.953341813302569,
                36.496463574864094
              ],
              [
                -4.953342989676209,
                36.49647040597019
              ],
              [
                -4.9533050814159525,
                36.496476795563694
              ],
              [
                -4.953302987403538,
                36.4964689879847
              ],
              [
                -4.953302734790915,
                36.496467820347625
              ],
              [
                -4.953285947664839,
                36.496470619103235
              ],
              [
                -4.953289780535982,
                36.49648542885001
              ],
              [
                -4.953263211720695,
                36.496489920123274
              ],
              [
                -4.95326668717437,
                36.496503834359515
              ],
              [
                -4.953207987991399,
                36.49651362906334
              ],
              [
                -4.953203162797148,
                36.496494869559584
              ],
              [
                -4.95313045723777,
                36.49650705688129
              ],
              [
                -4.953127775853218,
                36.49649808714368
              ],
              [
                -4.953122772762048,
                36.49648113327939
              ],
              [
                -4.953114480533168,
                36.49645323662673
              ],
              [
                -4.953075371898994,
                36.496460727442674
              ],
              [
                -4.953073054724468,
                36.496452923513765
              ],
              [
                -4.953041466494441,
                36.496457587070985
              ],
              [
                -4.953043893878873,
                36.49647422257175
              ],
              [
                -4.9529906265202,
                36.4964824860354
              ],
              [
                -4.952985016397659,
                36.49645914241425
              ],
              [
                -4.9529522096910705,
                36.49646418644652
              ],
              [
                -4.95295070762627,
                36.49645772121516
              ],
              [
                -4.952937808128914,
                36.496459735170795
              ],
              [
                -4.952939813143887,
                36.496468445578934
              ],
              [
                -4.952910898598701,
                36.49647288504793
              ],
              [
                -4.95289488581503,
                36.496475400659726
              ],
              [
                -4.952885393139158,
                36.49643526508354
              ],
              [
                -4.952861261248992,
                36.49643899527251
              ],
              [
                -4.952854895614683,
                36.496412238828555
              ],
              [
                -4.952849144844849,
                36.49641440613072
              ],
              [
                -4.952842343301957,
                36.49637918399305
              ],
              [
                -4.95285503091915,
                36.49637762419967
              ],
              [
                -4.952846945983236,
                36.496335752975696
              ],
              [
                -4.952882781486017,
                36.49633129033438
              ],
              [
                -4.9528820100898745,
                36.49632724682316
              ],
              [
                -4.952937960104783,
                36.496319119754624
              ],
              [
                -4.952942370536984,
                36.49633914797313
              ],
              [
                -4.952974963059676,
                36.49633446799742
              ],
              [
                -4.952970168050815,
                36.49631246307479
              ],
              [
                -4.952964751712236,
                36.49628794450426
              ],
              [
                -4.952963650061258,
                36.49628408667446
              ],
              [
                -4.953021269396003,
                36.496275751959395
              ],
              [
                -4.953028300102506,
                36.49630231723057
              ],
              [
                -4.953071100269702,
                36.49629512652526
              ],
              [
                -4.953077794642519,
                36.49631719047636
              ],
              [
                -4.95308485774758,
                36.49634060043599
              ],
              [
                -4.953087937272972,
                36.496352087476744
              ],
              [
                -4.953091888482532,
                36.49636716570231
              ],
              [
                -4.953138059090971,
                36.49636082114327
              ],
              [
                -4.9531295142619784,
                36.496331756853344
              ],
              [
                -4.9531848881782805,
                36.4963229180116
              ],
              [
                -4.953186332091139,
                36.49632262395556
              ],
              [
                -4.953192982811079,
                36.49634739270917
              ],
              [
                -4.95319780346511,
                36.49636597201528
              ],
              [
                -4.95322829609249,
                36.49636213758838
              ],
              [
                -4.953225915303701,
                36.4963384706824
              ],
              [
                -4.953279403456062,
                36.496330113362525
              ],
              [
                -4.953281149102492,
                36.496337385828625
              ],
              [
                -4.9533201800141216,
                36.496331248266344
              ],
              [
                -4.953328257496449,
                36.496363925655224
              ],
              [
                -4.953351829110021,
                36.496360114412035
              ],
              [
                -4.953363377547451,
                36.496406525832576
              ],
              [
                -4.953354484089092,
                36.4964080235387
              ]
            ]
          ],
          [
            [
              [
                -4.95334124665028,
                36.49713419955747
              ],
              [
                -4.953345506493496,
                36.49715711459016
              ],
              [
                -4.9533205728775735,
                36.4971600467771
              ],
              [
                -4.953326122959957,
                36.4971898811875
              ],
              [
                -4.953327813632741,
                36.497199407963905
              ],
              [
                -4.953286632578755,
                36.497204408974135
              ],
              [
                -4.953284816735075,
                36.49719434342824
              ],
              [
                -4.953267674298302,
                36.497196336774
              ],
              [
                -4.953270637093984,
                36.497212062133855
              ],
              [
                -4.9532437015587725,
                36.49721529750101
              ],
              [
                -4.953246555020292,
                36.49723111478854
              ],
              [
                -4.953187231676818,
                36.4972383057529
              ],
              [
                -4.95318347031139,
                36.497217455689714
              ],
              [
                -4.953112012665411,
                36.49722601711207
              ],
              [
                -4.953110201370514,
                36.49721613176171
              ],
              [
                -4.953106961096313,
                36.49719824766601
              ],
              [
                -4.953101536271314,
                36.497168952011954
              ],
              [
                -4.953059906576655,
                36.49717387015434
              ],
              [
                -4.953058099816666,
                36.4971641650017
              ],
              [
                -4.953025040209004,
                36.4971680414247
              ],
              [
                -4.953028667301693,
                36.497187992327646
              ],
              [
                -4.9529739675340485,
                36.497192583650445
              ],
              [
                -4.952968521697345,
                36.497166893792915
              ],
              [
                -4.952937816868875,
                36.497171182314524
              ],
              [
                -4.952936289893077,
                36.49716372599046
              ],
              [
                -4.952923048707851,
                36.497165475131496
              ],
              [
                -4.952925310879289,
                36.49717553337511
              ],
              [
                -4.952895464846859,
                36.49717845577611
              ],
              [
                -4.952878204017627,
                36.4971801805951
              ],
              [
                -4.952871911255467,
                36.49713855044299
              ],
              [
                -4.95284935051294,
                36.497142615451736
              ],
              [
                -4.952841272434694,
                36.49711435472997
              ],
              [
                -4.9528342714511115,
                36.49711564113803
              ],
              [
                -4.952831224850142,
                36.49708324188847
              ],
              [
                -4.9528454929984616,
                36.49708237730712
              ],
              [
                -4.9528383693198705,
                36.497038777755044
              ],
              [
                -4.952877618585765,
                36.497036873172554
              ],
              [
                -4.952876710692658,
                36.49703184039551
              ],
              [
                -4.952934956454543,
                36.497026199552664
              ],
              [
                -4.952936333537672,
                36.49704546621073
              ],
              [
                -4.952967773513713,
                36.49704377961005
              ],
              [
                -4.9529641607176975,
                36.49701995260163
              ],
              [
                -4.952959896469135,
                36.49699685735236
              ],
              [
                -4.953019590649568,
                36.49699110261428
              ],
              [
                -4.953022962166872,
                36.4970142124801
              ],
              [
                -4.9530651497471725,
                36.4970092852158
              ],
              [
                -4.953069179523524,
                36.49703193361809
              ],
              [
                -4.953073482284686,
                36.49705656055236
              ],
              [
                -4.953075617034143,
                36.497065989924344
              ],
              [
                -4.953076778442613,
                36.49708111383394
              ],
              [
                -4.953127135025559,
                36.497076954136624
              ],
              [
                -4.953121063276543,
                36.49704857044197
              ],
              [
                -4.953176157244758,
                36.49704189945827
              ],
              [
                -4.953181953764615,
                36.49706821451824
              ],
              [
                -4.953185738436228,
                36.497085548877685
              ],
              [
                -4.953217028345587,
                36.497082332348576
              ],
              [
                -4.95321635991299,
                36.497060169721856
              ],
              [
                -4.953271465197349,
                36.49705394919115
              ],
              [
                -4.953272905508862,
                36.49706239843123
              ],
              [
                -4.953311312494744,
                36.49705807381548
              ],
              [
                -4.953317420532754,
                36.497087899088726
              ],
              [
                -4.953339117910138,
                36.497085019906386
              ],
              [
                -4.953350839182198,
                36.49713386217593
              ],
              [
                -4.95334124665028,
                36.49713419955747
              ]
            ]
          ],
          [
            [
              [
                -4.9527191088399425,
                36.4970331589948
              ],
              [
                -4.952697655849447,
                36.49704576880369
              ],
              [
                -4.952680992055536,
                36.49703125925094
              ],
              [
                -4.952652067653167,
                36.49705309516334
              ],
              [
                -4.952645273307269,
                36.497058163909585
              ],
              [
                -4.952617995973036,
                36.497034453921
              ],
              [
                -4.9526256649645966,
                36.497028649764545
              ],
              [
                -4.952615051420063,
                36.497019449335866
              ],
              [
                -4.952601792983163,
                36.49702940114394
              ],
              [
                -4.95258227601101,
                36.49701241446742
              ],
              [
                -4.952569894480007,
                36.497021720960035
              ],
              [
                -4.952528740284127,
                36.49698778230428
              ],
              [
                -4.952543718599806,
                36.49697518838912
              ],
              [
                -4.952490939792976,
                36.49693179542618
              ],
              [
                -4.95250234186885,
                36.49692349647789
              ],
              [
                -4.952518021416246,
                36.49691215299689
              ],
              [
                -4.952546089264305,
                36.49689177332372
              ],
              [
                -4.952513865707106,
                36.49686670210241
              ],
              [
                -4.952521846843395,
                36.49685999147749
              ],
              [
                -4.9525019431096045,
                36.496840937979016
              ],
              [
                -4.952501601541381,
                36.49684067316139
              ],
              [
                -4.95248664134523,
                36.49685398786655
              ],
              [
                -4.952446505192444,
                36.49682057333247
              ],
              [
                -4.952470810533716,
                36.49680151718233
              ],
              [
                -4.95244777769083,
                36.49678233462729
              ],
              [
                -4.952453253271687,
                36.49677809870976
              ],
              [
                -4.952443673536172,
                36.496770053115014
              ],
              [
                -4.952436557996124,
                36.49677566792654
              ],
              [
                -4.952416032260739,
                36.49675851746177
              ],
              [
                -4.952405543947392,
                36.49674985578212
              ],
              [
                -4.9524413448239555,
                36.496721778075965
              ],
              [
                -4.9524241277079355,
                36.49670745781618
              ],
              [
                -4.952450828517668,
                36.4966904355948
              ],
              [
                -4.952443721943551,
                36.49668307060453
              ],
              [
                -4.952474081145318,
                36.4966605802983
              ],
              [
                -4.952486525366336,
                36.496671553500974
              ],
              [
                -4.952522473974557,
                36.49664491553644
              ],
              [
                -4.952549760189534,
                36.4966689859511
              ],
              [
                -4.9525569759908965,
                36.49666291880908
              ],
              [
                -4.952591110966589,
                36.49669742305889
              ],
              [
                -4.952573781749613,
                36.49671420174659
              ],
              [
                -4.952595798948685,
                36.49673295022284
              ],
              [
                -4.95261670140881,
                36.496716203167296
              ],
              [
                -4.9526377131901915,
                36.49669936418185
              ],
              [
                -4.952680842006832,
                36.49673191842587
              ],
              [
                -4.952657185933184,
                36.496750152759574
              ],
              [
                -4.952686742561628,
                36.49677571828969
              ],
              [
                -4.952665086103793,
                36.496793559340055
              ],
              [
                -4.952645727837466,
                36.49680956003012
              ],
              [
                -4.952674216073898,
                36.496837035921175
              ],
              [
                -4.952675582349008,
                36.49683809518966
              ],
              [
                -4.952718273938949,
                36.49687101712268
              ],
              [
                -4.952719754071613,
                36.496872164662946
              ],
              [
                -4.952697954320971,
                36.49688874615458
              ],
              [
                -4.952679659925588,
                36.49690265629242
              ],
              [
                -4.952699283957151,
                36.49691946092751
              ],
              [
                -4.9527223791330695,
                36.496905562320336
              ],
              [
                -4.952763879460849,
                36.49693994592416
              ],
              [
                -4.952755668362256,
                36.496946389920794
              ],
              [
                -4.952780183727328,
                36.49696681005097
              ],
              [
                -4.95275095627883,
                36.49698991285961
              ],
              [
                -4.952767142019212,
                36.49700316831912
              ],
              [
                -4.9527240114631566,
                36.497037225002735
              ],
              [
                -4.9527191088399425,
                36.4970331589948
              ]
            ]
          ],
          [
            [
              [
                -4.952566848198819,
                36.49648257433121
              ],
              [
                -4.952526131934638,
                36.496488288557195
              ],
              [
                -4.95250966597348,
                36.49649054112701
              ],
              [
                -4.952509908083088,
                36.49650018176863
              ],
              [
                -4.952478522615022,
                36.49650403062936
              ],
              [
                -4.952481865251286,
                36.49652155252461
              ],
              [
                -4.952424719188641,
                36.49653096087208
              ],
              [
                -4.95242037222872,
                36.4965134554162
              ],
              [
                -4.952388351130965,
                36.496518666706265
              ],
              [
                -4.952387117548572,
                36.49651399980214
              ],
              [
                -4.952386742043729,
                36.496512383492195
              ],
              [
                -4.952384769492142,
                36.496500517765064
              ],
              [
                -4.952368647352208,
                36.49650312523311
              ],
              [
                -4.952371621974894,
                36.496514884420186
              ],
              [
                -4.9523265920157655,
                36.496522201513734
              ],
              [
                -4.952318880585038,
                36.49648185645755
              ],
              [
                -4.95231861441215,
                36.49648014822115
              ],
              [
                -4.9522911256403255,
                36.49648357269955
              ],
              [
                -4.9522801704587565,
                36.49643408681487
              ],
              [
                -4.952276511193545,
                36.49641729118802
              ],
              [
                -4.95229274943712,
                36.49641486210509
              ],
              [
                -4.952288514107127,
                36.49639735481631
              ],
              [
                -4.95228361448126,
                36.496375621985656
              ],
              [
                -4.9523195435353395,
                36.49637043688972
              ],
              [
                -4.952317666022424,
                36.49636235533842
              ],
              [
                -4.952313260273486,
                36.496342507291004
              ],
              [
                -4.952378331553771,
                36.496333059399724
              ],
              [
                -4.952382871536705,
                36.49635380661213
              ],
              [
                -4.952441664214298,
                36.496343289692305
              ],
              [
                -4.9524383223213,
                36.496321351094515
              ],
              [
                -4.952503070101294,
                36.49631235911386
              ],
              [
                -4.952507751123448,
                36.49633427578668
              ],
              [
                -4.952509020912763,
                36.49634038428085
              ],
              [
                -4.952549848694105,
                36.496334668235924
              ],
              [
                -4.9525536603353535,
                36.4963530838162
              ],
              [
                -4.952556920803495,
                36.4963717788293
              ],
              [
                -4.95257638163783,
                36.49636875613038
              ],
              [
                -4.952579799677042,
                36.49638483460458
              ],
              [
                -4.952588403972471,
                36.496425165024995
              ],
              [
                -4.952599554664228,
                36.496477982728244
              ],
              [
                -4.952566848198819,
                36.49648257433121
              ]
            ]
          ]
        ],
        "type": "MultiPolygon"
      },
      "id": "ES.SDGC.BU.4911205UF2441S",
      "properties": {
        "begin_lifespan_version": "2009-10-21T00:00:00",
        "local_id": "4911205UF2441S",
        "source_authority": "Dirección General del Catastro"
      },
      "type": "Feature"
    },
    {
      "geometry": {
        "coordinates": [
          [
            [
              [
                -4.953163739887989,
                36.49915165665563
              ],
              [
                -4.953157049528732,
                36.49916087000532
              ],
              [
                -4.953155215768825,
                36.49916342385741
              ],
              [
                -4.953150899041806,
                36.49916935342159
              ],
              [
                -4.953155303375562,
                36.49917135443041
              ],
              [
                -4.953119033790597,
                36.499220802367624
              ],
              [
                -4.95311473878794,
                36.49921870943058
              ],
              [
                -4.953111613400846,
                36.4992231773
              ],
              [
                -4.953102547127884,
                36.4992355843319
              ],
              [
                -4.953100738943783,
                36.49923471257917
              ],
              [
                -4.953081528902291,
                36.49926107660583
              ],
              [
                -4.953051153988039,
                36.49924742260978
              ],
              [
                -4.953049322486222,
                36.499250066559746
              ],
              [
                -4.953045371328192,
                36.49924832853518
              ],
              [
                -4.953045043328551,
                36.49924860431589
              ],
              [
                -4.953043064012897,
                36.49924980850314
              ],
              [
                -4.9530344884867095,
                36.499255086713795
              ],
              [
                -4.953031323033232,
                36.49925351609499
              ],
              [
                -4.953034669356176,
                36.49924895447313
              ],
              [
                -4.952996141786522,
                36.49923074687466
              ],
              [
                -4.952936487616935,
                36.49920260966058
              ],
              [
                -4.952931063072348,
                36.499199994394495
              ],
              [
                -4.952930272841741,
                36.49919964678878
              ],
              [
                -4.952928690117131,
                36.499198861477936
              ],
              [
                -4.952912646469564,
                36.499191282321206
              ],
              [
                -4.952870051682154,
                36.49917115827934
              ],
              [
                -4.952857510545458,
                36.49916523435549
              ],
              [
                -4.952886859903837,
                36.49912473318519
              ],
              [
                -4.952875899232676,
                36.49911950447512
              ],
              [
                -4.952924347029034,
                36.49905264112873
              ],
              [
                -4.952935758606441,
                36.49905804272375
              ],
              [
                -4.952962299178751,
                36.49902128312417
              ],
              [
                -4.9529645680105645,
                36.49901827146824
              ],
              [
                -4.953043993627155,
                36.499055729495566
              ],
              [
                -4.953099357250669,
                36.49908195391961
              ],
              [
                -4.953098493905294,
                36.49908313983207
              ],
              [
                -4.953182891019357,
                36.49912295003308
              ],
              [
                -4.953163739887989,
                36.49915165665563
              ]
            ],
            [
              [
                -4.953112211675185,
                36.49915367229792
              ],
              [
                -4.953110852143058,
                36.49915288333436
              ],
              [
                -4.953110840824948,
                36.499152432837455
              ],
              [
                -4.953112674586103,
                36.49914987898602
              ],
              [
                -4.953055839781288,
                36.49912286743334
              ],
              [
                -4.953018604262697,
                36.49917386347886
              ],
              [
                -4.953077133416243,
                36.49920165852964
              ],
              [
                -4.953112211675185,
                36.49915367229792
              ]
            ]
          ]
        ],
        "type": "MultiPolygon"
      },
      "id": "ES.SDGC.BU.5113117UF2451S",
      "properties": {
        "begin_lifespan_version": "2024-09-10T00:00:00",
        "local_id": "5113117UF2451S",
        "source_authority": "Dirección General del Catastro"
      },
      "type": "Feature"
    },
    {
      "geometry": {
        "coordinates": [
          [
            [
              [
                -4.952646707069596,
                36.49980883506926
              ],
              [
                -4.952651269848317,
                36.499817143053576
              ],
              [
                -4.952597463394401,
                36.49983514993239
              ],
              [
                -4.952588276744058,
                36.499816101275414
              ],
              [
                -4.9524808077720746,
                36.49984895782023
              ],
              [
                -4.952395301358264,
                36.49966720037408
              ],
              [
                -4.9524089328000915,
                36.49966319148614
              ],
              [
                -4.952389105067433,
                36.49962052099013
              ],
              [
                -4.952522943835446,
                36.49957966135195
              ],
              [
                -4.952532554518824,
                36.49955336443578
              ],
              [
                -4.952566017004138,
                36.499543262125265
              ],
              [
                -4.952594960004618,
                36.499553244093136
              ],
              [
                -4.952605106585976,
                36.499579397814266
              ],
              [
                -4.952591100631409,
                36.49960405410411
              ],
              [
                -4.9525718553988884,
                36.49960680287578
              ],
              [
                -4.9525956382150484,
                36.49965580827439
              ],
              [
                -4.952635512278,
                36.499643167286976
              ],
              [
                -4.9526570639008325,
                36.49968779251684
              ],
              [
                -4.95266371222014,
                36.49968579079902
              ],
              [
                -4.952682023720529,
                36.49972587211498
              ],
              [
                -4.952710404938939,
                36.49978904375728
              ],
              [
                -4.952646707069596,
                36.49980883506926
              ]
            ]
          ],
          [
            [
              [
                -4.952474023188772,
                36.49987665064795
              ],
              [
                -4.952323472818966,
                36.49991003207368
              ],
              [
                -4.952312005934957,
                36.49988020434786
              ],
              [
                -4.952462859365153,
                36.49984555606535
              ],
              [
                -4.952474023188772,
                36.49987665064795
              ]
            ]
          ],
          [
            [
              [
                -4.952332543955057,
                36.49939547481225
              ],
              [
                -4.952375824777817,
                36.49939846188763
              ],
              [
                -4.952367047065222,
                36.49949793596167
              ],
              [
                -4.952321960267736,
                36.49949416721962
              ],
              [
                -4.952332543955057,
                36.49939547481225
              ]
            ]
          ]
        ],
        "type": "MultiPolygon"
      },
      "id": "ES.SDGC.BU.5213102UF2451S",
      "properties": {
        "begin_lifespan_version": "2009-11-18T00:00:00",
        "local_id": "5213102UF2451S",
        "source_authority": "Dirección General del Catastro"
      },
      "type": "Feature"
    },
    {
      "geometry": {
        "coordinates": [
          [
            [
              [
                -4.951883447687518,
                36.50056216087642
              ],
              [
                -4.951890664747089,
                36.50060503784574
              ],
              [
                -4.951903578534002,
                36.50060356457983
              ],
              [
                -4.951907512445844,
                36.500626845535564
              ],
              [
                -4.951927887520163,
                36.500624619194554
              ],
              [
                -4.9519359099479425,
                36.500672891165955
              ],
              [
                -4.95189148605919,
                36.50067776452015
              ],
              [
                -4.951890164197891,
                36.50066958373748
              ],
              [
                -4.951747319884595,
                36.50068535186122
              ],
              [
                -4.951748742019347,
                36.50069308032236
              ],
              [
                -4.951699879029941,
                36.50069901775413
              ],
              [
                -4.951690868189482,
                36.50065139289556
              ],
              [
                -4.951711236491742,
                36.5006488962929
              ],
              [
                -4.951723590033748,
                36.50064734207838
              ],
              [
                -4.951719533265923,
                36.50062361244421
              ],
              [
                -4.951712329870822,
                36.50058127605848
              ],
              [
                -4.951679487406382,
                36.500584968300345
              ],
              [
                -4.951671121304292,
                36.500536341387075
              ],
              [
                -4.9517037428134945,
                36.50053274290017
              ],
              [
                -4.951695103740153,
                36.50048213745347
              ],
              [
                -4.9516621474556715,
                36.50048574141623
              ],
              [
                -4.95165348579552,
                36.500434234970776
              ],
              [
                -4.951686774592363,
                36.50043053543268
              ],
              [
                -4.95167787163034,
                36.50037831184589
              ],
              [
                -4.9516448060521885,
                36.50038200772836
              ],
              [
                -4.9516364332133485,
                36.50033311051147
              ],
              [
                -4.951669498771305,
                36.50032941463189
              ],
              [
                -4.951660857486808,
                36.500278719080306
              ],
              [
                -4.9516729968230795,
                36.50027752892298
              ],
              [
                -4.951667597908046,
                36.50024480760305
              ],
              [
                -4.951655126043905,
                36.50024609333791
              ],
              [
                -4.9516523888879185,
                36.50023045438606
              ],
              [
                -4.951643854702684,
                36.50017957680663
              ],
              [
                -4.951632496568462,
                36.50018075417694
              ],
              [
                -4.951629215761677,
                36.50016124825294
              ],
              [
                -4.951640236836618,
                36.500159986262304
              ],
              [
                -4.951636291724538,
                36.50013625479569
              ],
              [
                -4.95160355877882,
                36.500139855085685
              ],
              [
                -4.951592856038033,
                36.50007819661213
              ],
              [
                -4.951637942411899,
                36.50007304212271
              ],
              [
                -4.951639384879768,
                36.500081581481595
              ],
              [
                -4.951787354839322,
                36.50006545920691
              ],
              [
                -4.951785912355654,
                36.50005691985027
              ],
              [
                -4.951829664049484,
                36.50005196740442
              ],
              [
                -4.951840464997332,
                36.500113083428396
              ],
              [
                -4.951807736597746,
                36.50011686397274
              ],
              [
                -4.95181180466979,
                36.50014104410301
              ],
              [
                -4.9518236091872465,
                36.500139859410226
              ],
              [
                -4.951826664582901,
                36.50015927888089
              ],
              [
                -4.951815083258884,
                36.500160459921254
              ],
              [
                -4.9518235059547555,
                36.500211339311704
              ],
              [
                -4.951856796908581,
                36.500207729828546
              ],
              [
                -4.951864823762006,
                36.50025618200938
              ],
              [
                -4.9518323117138685,
                36.50025968861096
              ],
              [
                -4.951840841508588,
                36.50031038597344
              ],
              [
                -4.9518737977085125,
                36.50030678196365
              ],
              [
                -4.951881940708588,
                36.50035541251433
              ],
              [
                -4.951888732376881,
                36.50035467040319
              ],
              [
                -4.951894138181275,
                36.50038766200778
              ],
              [
                -4.9518861211891965,
                36.500388514310046
              ],
              [
                -4.951893495074587,
                36.5004331914429
              ],
              [
                -4.951862208276198,
                36.5004365878639
              ],
              [
                -4.951875090510775,
                36.500513894378756
              ],
              [
                -4.9519082699918595,
                36.500510286704056
              ],
              [
                -4.9519164039911665,
                36.50055855685186
              ],
              [
                -4.951883447687518,
                36.50056216087642
              ]
            ],
            [
              [
                -4.951712329870822,
                36.50058127605848
              ],
              [
                -4.951724915648179,
                36.50058007858922
              ],
              [
                -4.951719286700698,
                36.50054709062887
              ],
              [
                -4.95170648225532,
                36.500548471948896
              ],
              [
                -4.951712329870822,
                36.50058127605848
              ]
            ],
            [
              [
                -4.951695103740153,
                36.50048213745347
              ],
              [
                -4.95170757790325,
                36.500480941812796
              ],
              [
                -4.951701202469481,
                36.500444901427635
              ],
              [
                -4.951689290829063,
                36.50044626813485
              ],
              [
                -4.951695103740153,
                36.50048213745347
              ]
            ],
            [
              [
                -4.95167787163034,
                36.50037831184589
              ],
              [
                -4.95169023644079,
                36.50037720813324
              ],
              [
                -4.9516845939542025,
                36.500343679572666
              ],
              [
                -4.9516721220746325,
                36.50034496530974
              ],
              [
                -4.95167787163034,
                36.50037831184589
              ]
            ],
            [
              [
                -4.9518323117138685,
                36.50025968861096
              ],
              [
                -4.951826227308594,
                36.5002263475626
              ],
              [
                -4.951813425180441,
                36.50022781899197
              ],
              [
                -4.951819174785491,
                36.50026116552038
              ],
              [
                -4.9518323117138685,
                36.50025968861096
              ]
            ],
            [
              [
                -4.951883447687518,
                36.50056216087642
              ],
              [
                -4.951877832248568,
                36.500529713522006
              ],
              [
                -4.95186636473159,
                36.50053098284185
              ],
              [
                -4.951871756968424,
                36.500563433849905
              ],
              [
                -4.951883447687518,
                36.50056216087642
              ]
            ],
            [
              [
                -4.9518549460067804,
                36.50039190890215
              ],
              [
                -4.951841806794456,
                36.50039329571526
              ],
              [
                -4.951846245887232,
                36.50041891195411
              ],
              [
                -4.951858936447392,
                36.50041744234679
              ],
              [
                -4.9518549460067804,
                36.50039190890215
              ]
            ],
            [
              [
                -4.951843590017111,
                36.5003264754167
              ],
              [
                -4.951830232143212,
                36.50032804607996
              ],
              [
                -4.951836077527563,
                36.50036076008412
              ],
              [
                -4.951849321546205,
                36.50035910114707
              ],
              [
                -4.951843590017111,
                36.5003264754167
              ]
            ]
          ],
          [
            [
              [
                -4.951715196943621,
                36.49904124762413
              ],
              [
                -4.951719979734942,
                36.49906721879576
              ],
              [
                -4.9517543748628805,
                36.49906314059513
              ],
              [
                -4.951762909719737,
                36.49910960147756
              ],
              [
                -4.951769587422429,
                36.49910877110312
              ],
              [
                -4.951775528428239,
                36.499140852597584
              ],
              [
                -4.951710418532231,
                36.49914885863704
              ],
              [
                -4.951720965882769,
                36.49919988354808
              ],
              [
                -4.9517237942452725,
                36.4992147097802
              ],
              [
                -4.951712438514969,
                36.49921597725349
              ],
              [
                -4.951718415699821,
                36.49924950034202
              ],
              [
                -4.951730550350825,
                36.49924812998455
              ],
              [
                -4.951740104668858,
                36.49929962182616
              ],
              [
                -4.951772386342546,
                36.49929584861541
              ],
              [
                -4.951780832266051,
                36.49934321231457
              ],
              [
                -4.951748764719059,
                36.499346621477734
              ],
              [
                -4.9517428282286975,
                36.49931472018202
              ],
              [
                -4.951730137844896,
                36.49931618977191
              ],
              [
                -4.951736096950674,
                36.49934899206293
              ],
              [
                -4.951787958638515,
                36.49934246473265
              ],
              [
                -4.951794250300074,
                36.49937517144135
              ],
              [
                -4.951786682060779,
                36.49937610652801
              ],
              [
                -4.951795303693602,
                36.49942157448391
              ],
              [
                -4.951762803299317,
                36.49942553155386
              ],
              [
                -4.951777354655669,
                36.49950263050584
              ],
              [
                -4.951784032391751,
                36.49950180012964
              ],
              [
                -4.951807739258404,
                36.49949888833093
              ],
              [
                -4.951816875174162,
                36.49954705196149
              ],
              [
                -4.951802071192462,
                36.499548826559604
              ],
              [
                -4.951807586223628,
                36.4995817262493
              ],
              [
                -4.951799457715741,
                36.49958258036976
              ],
              [
                -4.9518069430511575,
                36.49962725569108
              ],
              [
                -4.951775656570801,
                36.49963065208019
              ],
              [
                -4.9517885408113544,
                36.499708048720294
              ],
              [
                -4.951821719955214,
                36.499704441079416
              ],
              [
                -4.951829853793654,
                36.49975271124342
              ],
              [
                -4.95179689782493,
                36.49975631523439
              ],
              [
                -4.951804112479531,
                36.49979910211865
              ],
              [
                -4.951817028397463,
                36.49979771896535
              ],
              [
                -4.951820848371753,
                36.49982091165585
              ],
              [
                -4.951841334836648,
                36.49981868350921
              ],
              [
                -4.951849359366916,
                36.499867045596126
              ],
              [
                -4.951804935929609,
                36.49987191890504
              ],
              [
                -4.951803500235088,
                36.499863649846645
              ],
              [
                -4.951660659635383,
                36.499879507924106
              ],
              [
                -4.9516621910789,
                36.49988714446227
              ],
              [
                -4.951613330847136,
                36.49989317194377
              ],
              [
                -4.951609089420267,
                36.49987097764389
              ],
              [
                -4.951641252954336,
                36.49986693598952
              ],
              [
                -4.9516369300903404,
                36.49984149811052
              ],
              [
                -4.951624686009312,
                36.4998429603868
              ],
              [
                -4.951620403867511,
                36.49981914429704
              ],
              [
                -4.951632982737944,
                36.49981767654264
              ],
              [
                -4.951625781746614,
                36.499775430242096
              ],
              [
                -4.951638365133815,
                36.49977414268624
              ],
              [
                -4.951632736297,
                36.499741154714734
              ],
              [
                -4.951619934243738,
                36.49974262612115
              ],
              [
                -4.951618628264914,
                36.499735076029104
              ],
              [
                -4.95158601160766,
                36.49973885468217
              ],
              [
                -4.951584571415621,
                36.49973040542126
              ],
              [
                -4.9516171925933135,
                36.49972680696761
              ],
              [
                -4.951608553689785,
                36.4996762015038
              ],
              [
                -4.951575600002153,
                36.499679895532445
              ],
              [
                -4.951566824654179,
                36.499628300796395
              ],
              [
                -4.951600224710189,
                36.499624599466074
              ],
              [
                -4.951591722310274,
                36.499574983267415
              ],
              [
                -4.951591711000789,
                36.49957453277013
              ],
              [
                -4.951591822598122,
                36.49957453094397
              ],
              [
                -4.951593268839643,
                36.49957432700482
              ],
              [
                -4.9516218724479435,
                36.49957079429386
              ],
              [
                -4.951624543997937,
                36.49957048016672
              ],
              [
                -4.951618015621696,
                36.499537236504054
              ],
              [
                -4.9516079990096715,
                36.499538482054476
              ],
              [
                -4.951604553858621,
                36.49952132236507
              ],
              [
                -4.95159525445675,
                36.49947108825262
              ],
              [
                -4.95156208444603,
                36.499475056225776
              ],
              [
                -4.951552523432866,
                36.49942329407006
              ],
              [
                -4.9515859166164455,
                36.49941932244788
              ],
              [
                -4.9515764898117185,
                36.49936845946236
              ],
              [
                -4.951543875566767,
                36.499372328199016
              ],
              [
                -4.951534819776402,
                36.49932290132191
              ],
              [
                -4.951568322253327,
                36.49931883778028
              ],
              [
                -4.951558888689767,
                36.499267704493455
              ],
              [
                -4.951525609427951,
                36.499271764379635
              ],
              [
                -4.95151670371091,
                36.49922386736449
              ],
              [
                -4.951550206146561,
                36.49921980382914
              ],
              [
                -4.951541136803597,
                36.499169836354106
              ],
              [
                -4.95152978333783,
                36.49917119390937
              ],
              [
                -4.951519717199847,
                36.499117096464985
              ],
              [
                -4.951532072766285,
                36.49911563237659
              ],
              [
                -4.95154089099204,
                36.49916893901166
              ],
              [
                -4.951575038102757,
                36.499163873419306
              ],
              [
                -4.951567892998595,
                36.499128296294685
              ],
              [
                -4.9515563208696936,
                36.49912983770347
              ],
              [
                -4.951553554379545,
                36.49911302745177
              ],
              [
                -4.95154412311866,
                36.49906198426053
              ],
              [
                -4.951510285960447,
                36.49906605327047
              ],
              [
                -4.951501250591693,
                36.499017437281935
              ],
              [
                -4.951535310922508,
                36.499013364622975
              ],
              [
                -4.9515258774268744,
                36.498962231329294
              ],
              [
                -4.951514970376782,
                36.498963581577954
              ],
              [
                -4.951511482304185,
                36.49894470999298
              ],
              [
                -4.951524170371084,
                36.498943150328515
              ],
              [
                -4.951519642511801,
                36.49891843688677
              ],
              [
                -4.951486593374135,
                36.49892276340412
              ],
              [
                -4.9514740827796295,
                36.49886023312213
              ],
              [
                -4.951508022400432,
                36.49885580190103
              ],
              [
                -4.951509829016975,
                36.49886550707918
              ],
              [
                -4.951678800189435,
                36.498845525997936
              ],
              [
                -4.951676904575569,
                36.498836723643784
              ],
              [
                -4.951712743570328,
                36.498832351418784
              ],
              [
                -4.951724245459074,
                36.498894717907845
              ],
              [
                -4.951691296632007,
                36.498898592157744
              ],
              [
                -4.951695813234314,
                36.498922855094136
              ],
              [
                -4.951706608678433,
                36.49892150665543
              ],
              [
                -4.951710094534868,
                36.49894028813392
              ],
              [
                -4.951698071527643,
                36.498941656661685
              ],
              [
                -4.9517076280392365,
                36.49899323860962
              ],
              [
                -4.95174001666076,
                36.49898928338607
              ],
              [
                -4.951748810884586,
                36.499037182209264
              ],
              [
                -4.951715196943621,
                36.49904124762413
              ]
            ],
            [
              [
                -4.951608553689785,
                36.4996762015038
              ],
              [
                -4.951621027725826,
                36.49967500587587
              ],
              [
                -4.951614652415301,
                36.49963896547831
              ],
              [
                -4.951602740895847,
                36.49964033217339
              ],
              [
                -4.951608553689785,
                36.4996762015038
              ]
            ],
            [
              [
                -4.95159525445675,
                36.49947108825262
              ],
              [
                -4.951607717150748,
                36.499469442129744
              ],
              [
                -4.951600663237254,
                36.499433052288786
              ],
              [
                -4.951588644675519,
                36.49943460100667
              ],
              [
                -4.95159525445675,
                36.49947108825262
              ]
            ],
            [
              [
                -4.9515764898117185,
                36.49936845946236
              ],
              [
                -4.9515896288576835,
                36.49936707268332
              ],
              [
                -4.951583649454848,
                36.4993334594881
              ],
              [
                -4.951570959064213,
                36.49933492906122
              ],
              [
                -4.9515764898117185,
                36.49936845946236
              ]
            ],
            [
              [
                -4.95154412311866,
                36.49906198426053
              ],
              [
                -4.95155770397656,
                36.499060409983144
              ],
              [
                -4.951551738187988,
                36.49902733738038
              ],
              [
                -4.951538159597475,
                36.49902900175641
              ],
              [
                -4.95154412311866,
                36.49906198426053
              ]
            ],
            [
              [
                -4.951715196943621,
                36.49904124762413
              ],
              [
                -4.951710157792139,
                36.49900951191296
              ],
              [
                -4.951700808566699,
                36.4990106564122
              ],
              [
                -4.951706626628417,
                36.49904228924062
              ],
              [
                -4.951715196943621,
                36.49904124762413
              ]
            ],
            [
              [
                -4.951779069332273,
                36.49951756509813
              ],
              [
                -4.951766495037817,
                36.49951921306536
              ],
              [
                -4.951773242145699,
                36.499552272866566
              ],
              [
                -4.951785818707417,
                36.49955071499791
              ],
              [
                -4.951779069332273,
                36.49951756509813
              ]
            ],
            [
              [
                -4.951768394447537,
                36.49958597310372
              ],
              [
                -4.951755146033584,
                36.49958745182921
              ],
              [
                -4.95175969437497,
                36.499612976151
              ],
              [
                -4.951772384806275,
                36.4996115065566
              ],
              [
                -4.951768394447537,
                36.49958597310372
              ]
            ],
            [
              [
                -4.95172385920487,
                36.4990883373802
              ],
              [
                -4.951713061476082,
                36.49908959572166
              ],
              [
                -4.951717609767058,
                36.499115120048366
              ],
              [
                -4.951728516833925,
                36.499113769780664
              ],
              [
                -4.95172385920487,
                36.4990883373802
              ]
            ]
          ],
          [
            [
              [
                -4.951583404665156,
                36.49952383172432
              ],
              [
                -4.95159156321311,
                36.49957309300498
              ],
              [
                -4.951579428508522,
                36.499574463349795
              ],
              [
                -4.9515703817136725,
                36.499525396876194
              ],
              [
                -4.951583404665156,
                36.49952383172432
              ]
            ]
          ],
          [
            [
              [
                -4.9513385620652395,
                36.49960796936455
              ],
              [
                -4.9513509467543475,
                36.49967437758207
              ],
              [
                -4.951363190815403,
                36.499672915334514
              ],
              [
                -4.951367061180127,
                36.49969367353268
              ],
              [
                -4.951387875635775,
                36.499691169688234
              ],
              [
                -4.951398198895715,
                36.49974661497935
              ],
              [
                -4.951363805705145,
                36.49975078318587
              ],
              [
                -4.951362365536862,
                36.49974233392158
              ],
              [
                -4.951351897979837,
                36.49974340655627
              ],
              [
                -4.951205754783594,
                36.49976112085314
              ],
              [
                -4.951207431699461,
                36.49977010706501
              ],
              [
                -4.951195187619509,
                36.499771569297096
              ],
              [
                -4.951161461728857,
                36.49977563639156
              ],
              [
                -4.951151013466114,
                36.49971965230415
              ],
              [
                -4.951171604742248,
                36.49971715214859
              ],
              [
                -4.95116773216657,
                36.49969630384314
              ],
              [
                -4.951180643559139,
                36.499694740559974
              ],
              [
                -4.951163983807098,
                36.49960478650763
              ],
              [
                -4.951131260101733,
                36.49960874706011
              ],
              [
                -4.951122736858659,
                36.49956273662388
              ],
              [
                -4.951115835913906,
                36.49956357061485
              ],
              [
                -4.951109765450598,
                36.4995307701123
              ],
              [
                -4.9511158874727785,
                36.49953003900132
              ],
              [
                -4.951106463218549,
                36.49947926607018
              ],
              [
                -4.9511390752740505,
                36.499475307351766
              ],
              [
                -4.951129660058435,
                36.49942489482023
              ],
              [
                -4.9511295145410505,
                36.49942354515369
              ],
              [
                -4.951138975423503,
                36.49942239887185
              ],
              [
                -4.951133389795604,
                36.49939112275801
              ],
              [
                -4.95112314999846,
                36.499392371918866
              ],
              [
                -4.951120615829089,
                36.499375918401775
              ],
              [
                -4.951111457754202,
                36.49932685370814
              ],
              [
                -4.951071721640002,
                36.49933165005647
              ],
              [
                -4.9510651482983405,
                36.4992966043648
              ],
              [
                -4.951072495608065,
                36.499295763074734
              ],
              [
                -4.951063863106797,
                36.499249844555116
              ],
              [
                -4.951096251875475,
                36.49924588950241
              ],
              [
                -4.951091608010026,
                36.49922099766875
              ],
              [
                -4.951058549670173,
                36.499224963673846
              ],
              [
                -4.951049519081874,
                36.49917652784336
              ],
              [
                -4.951082575140539,
                36.49917247174185
              ],
              [
                -4.9510734012906035,
                36.499122776345835
              ],
              [
                -4.951061936224734,
                36.499124135682266
              ],
              [
                -4.951058070498901,
                36.499103557668
              ],
              [
                -4.951069870351903,
                36.49910219285506
              ],
              [
                -4.9510654836175645,
                36.49907864886039
              ],
              [
                -4.951032760126256,
                36.49908260937966
              ],
              [
                -4.951020878741117,
                36.49901844629686
              ],
              [
                -4.9510645092734675,
                36.49901313557469
              ],
              [
                -4.951066318100732,
                36.49902293086037
              ],
              [
                -4.951214129381407,
                36.49900500918719
              ],
              [
                -4.951212331843182,
                36.4989956644017
              ],
              [
                -4.951257187646726,
                36.49899024342659
              ],
              [
                -4.951268923701701,
                36.49905305681403
              ],
              [
                -4.951235532915805,
                36.4990571184429
              ],
              [
                -4.951239919699862,
                36.499080662429904
              ],
              [
                -4.951251607948741,
                36.49907929942498
              ],
              [
                -4.951255212085729,
                36.499098349392
              ],
              [
                -4.951243302902186,
                36.49909980614849
              ],
              [
                -4.951252731710842,
                36.49915075926952
              ],
              [
                -4.951286457325843,
                36.499146692157105
              ],
              [
                -4.951295497102762,
                36.49919548836345
              ],
              [
                -4.951262661980337,
                36.49919945077277
              ],
              [
                -4.951272202413599,
                36.49925040206487
              ],
              [
                -4.951305037556826,
                36.499246439652325
              ],
              [
                -4.951314850972981,
                36.499299369476304
              ],
              [
                -4.951281904211176,
                36.49930333371804
              ],
              [
                -4.951291337598894,
                36.499354467031836
              ],
              [
                -4.951324395978686,
                36.49935050096097
              ],
              [
                -4.951333438070473,
                36.49939938726093
              ],
              [
                -4.951301160850319,
                36.49940334055364
              ],
              [
                -4.951310826506408,
                36.49945483061043
              ],
              [
                -4.95134343853873,
                36.49945087183673
              ],
              [
                -4.9513527287292485,
                36.49950074557604
              ],
              [
                -4.951319784146529,
                36.499504799930094
              ],
              [
                -4.951313429346658,
                36.49946957040609
              ],
              [
                -4.951306416815484,
                36.49947040623369
              ],
              [
                -4.951312215887585,
                36.49950573498717
              ],
              [
                -4.951319005227351,
                36.499504902810955
              ],
              [
                -4.951328554790419,
                36.49955621449172
              ],
              [
                -4.951362168978137,
                36.499552149178925
              ],
              [
                -4.95137172988501,
                36.49960391135217
              ],
              [
                -4.9513385620652395,
                36.49960796936455
              ]
            ],
            [
              [
                -4.951091608010026,
                36.49922099766875
              ],
              [
                -4.951102401247024,
                36.49921955918378
              ],
              [
                -4.951096321777742,
                36.49918639827983
              ],
              [
                -4.951085416948374,
                36.499187838589805
              ],
              [
                -4.951091608010026,
                36.49922099766875
              ]
            ],
            [
              [
                -4.951301160850319,
                36.49940334055364
              ],
              [
                -4.951294521031874,
                36.49937009869371
              ],
              [
                -4.951283167531622,
                36.49937145622644
              ],
              [
                -4.951289581889631,
                36.49940461163942
              ],
              [
                -4.951301160850319,
                36.49940334055364
              ]
            ],
            [
              [
                -4.9513385620652395,
                36.49960796936455
              ],
              [
                -4.951331628905221,
                36.49957193807702
              ],
              [
                -4.9513248395598,
                36.49957277025412
              ],
              [
                -4.951331328588784,
                36.499608898945304
              ],
              [
                -4.9513385620652395,
                36.49960796936455
              ]
            ],
            [
              [
                -4.9512557009782325,
                36.499166754983
              ],
              [
                -4.951245684406481,
                36.499168000501804
              ],
              [
                -4.951251306242713,
                36.49920071820229
              ],
              [
                -4.95126176920581,
                36.49919946537954
              ],
              [
                -4.9512557009782325,
                36.499166754983
              ]
            ],
            [
              [
                -4.951142966709405,
                36.4994924597549
              ],
              [
                -4.951150515084276,
                36.499526317714604
              ],
              [
                -4.951157857891657,
                36.49952529621972
              ],
              [
                -4.9511518718751235,
                36.49949141270002
              ],
              [
                -4.951142966709405,
                36.4994924597549
              ]
            ]
          ],
          [
            [
              [
                -4.950882590996773,
                36.49960271975691
              ],
              [
                -4.95089385027783,
                36.4996687858908
              ],
              [
                -4.950906431402414,
                36.49966740831285
              ],
              [
                -4.95091021492021,
                36.49968915944948
              ],
              [
                -4.950930578480613,
                36.49968648278763
              ],
              [
                -4.950940758161513,
                36.4997406685609
              ],
              [
                -4.950896127356025,
                36.499746175878386
              ],
              [
                -4.950894445954393,
                36.499737009462024
              ],
              [
                -4.950744485710745,
                36.49975388426905
              ],
              [
                -4.950746050975716,
                36.49976287231441
              ],
              [
                -4.950701741368117,
                36.49976783348674
              ],
              [
                -4.950692309118658,
                36.49971228341852
              ],
              [
                -4.950712237608409,
                36.49971006459242
              ],
              [
                -4.950708704470159,
                36.499689390991286
              ],
              [
                -4.950720392821817,
                36.49968802803556
              ],
              [
                -4.950709261107543,
                36.49962259075233
              ],
              [
                -4.95067675377822,
                36.49962627723175
              ],
              [
                -4.950667467078143,
                36.49957207682657
              ],
              [
                -4.95069908612813,
                36.499568585152
              ],
              [
                -4.950686134355435,
                36.49949290207518
              ],
              [
                -4.950653401623324,
                36.49949650209785
              ],
              [
                -4.950644105915969,
                36.49944194129073
              ],
              [
                -4.950676280639774,
                36.4994383503978
              ],
              [
                -4.950663456339431,
                36.499363296186914
              ],
              [
                -4.950630614323966,
                36.499366988126596
              ],
              [
                -4.950621198012177,
                36.499312068742846
              ],
              [
                -4.9506533726838295,
                36.4993084778576
              ],
              [
                -4.950644338632065,
                36.499255445089375
              ],
              [
                -4.950638102768145,
                36.49925608790141
              ],
              [
                -4.950635095189974,
                36.499238560477316
              ],
              [
                -4.950640996261789,
                36.49923792314127
              ],
              [
                -4.950632890355721,
                36.499190734062665
              ],
              [
                -4.950620867285987,
                36.49919210248347
              ],
              [
                -4.950616924807117,
                36.499168461068194
              ],
              [
                -4.95059610367754,
                36.49917069447624
              ],
              [
                -4.950587957114939,
                36.49912188360174
              ],
              [
                -4.950620575836437,
                36.49911819532718
              ],
              [
                -4.950631375852163,
                36.49911702718354
              ],
              [
                -4.95063281366591,
                36.4991253863607
              ],
              [
                -4.950633260052918,
                36.49912537905969
              ],
              [
                -4.950633385214167,
                36.499125917831535
              ],
              [
                -4.950782690528977,
                36.49910968484708
              ],
              [
                -4.950781000114202,
                36.499100158029364
              ],
              [
                -4.950794025275616,
                36.49909868306476
              ],
              [
                -4.950827092622806,
                36.499095077532175
              ],
              [
                -4.950835337362127,
                36.499143345963674
              ],
              [
                -4.950814406911469,
                36.499145671334404
              ],
              [
                -4.950818356231545,
                36.49916958303997
              ],
              [
                -4.950806221572385,
                36.499170953304706
              ],
              [
                -4.950826257767261,
                36.49928870436428
              ],
              [
                -4.950860659834532,
                36.49928489671581
              ],
              [
                -4.950870069527383,
                36.4993395457774
              ],
              [
                -4.9508366695490835,
                36.4993432469007
              ],
              [
                -4.950844664001306,
                36.4993904377856
              ],
              [
                -4.950857577612477,
                36.49938896463818
              ],
              [
                -4.9508577118199035,
                36.499389863807686
              ],
              [
                -4.950878312065126,
                36.49938772410299
              ],
              [
                -4.9508871193835455,
                36.49943616359829
              ],
              [
                -4.9508932436620094,
                36.49943552259839
              ],
              [
                -4.950898867636239,
                36.49946833041748
              ],
              [
                -4.950859789711929,
                36.49947266524703
              ],
              [
                -4.950872752953912,
                36.49954879879774
              ],
              [
                -4.950906373951495,
                36.49954500391131
              ],
              [
                -4.950915544693599,
                36.49959902591978
              ],
              [
                -4.950882590996773,
                36.49960271975691
              ]
            ],
            [
              [
                -4.950709261107543,
                36.49962259075233
              ],
              [
                -4.950721507436481,
                36.499621218670036
              ],
              [
                -4.950715498991057,
                36.499586434128425
              ],
              [
                -4.950702694680386,
                36.49958781533664
              ],
              [
                -4.950709261107543,
                36.49962259075233
              ]
            ],
            [
              [
                -4.950686134355435,
                36.49949290207518
              ],
              [
                -4.950699822385676,
                36.499491145868504
              ],
              [
                -4.950693932342407,
                36.499456629797685
              ],
              [
                -4.950679905004705,
                36.49945821128044
              ],
              [
                -4.950686134355435,
                36.49949290207518
              ]
            ],
            [
              [
                -4.950663456339431,
                36.499363296186914
              ],
              [
                -4.950676369950453,
                36.49936182305915
              ],
              [
                -4.950670124791594,
                36.499326501566145
              ],
              [
                -4.95065698799218,
                36.49932797834365
              ],
              [
                -4.950663456339431,
                36.499363296186914
              ]
            ],
            [
              [
                -4.9508366695490835,
                36.4993432469007
              ],
              [
                -4.950830085006645,
                36.499307750695486
              ],
              [
                -4.950817283005243,
                36.49930922201412
              ],
              [
                -4.950823423414796,
                36.49934481562148
              ],
              [
                -4.9508366695490835,
                36.4993432469007
              ]
            ],
            [
              [
                -4.950882590996773,
                36.49960271975691
              ],
              [
                -4.950876509322213,
                36.49956946874235
              ],
              [
                -4.950862705163704,
                36.49957104659607
              ],
              [
                -4.950868452040275,
                36.49960430308799
              ],
              [
                -4.950882590996773,
                36.49960271975691
              ]
            ]
          ],
          [
            [
              [
                -4.95064333941571,
                36.50047032093432
              ],
              [
                -4.950494461208169,
                36.500490332523505
              ],
              [
                -4.950496368041432,
                36.500499585394465
              ],
              [
                -4.950450634339872,
                36.500505651407394
              ],
              [
                -4.950440590512215,
                36.50045687156194
              ],
              [
                -4.9504616193631445,
                36.500454003824224
              ],
              [
                -4.950473640369968,
                36.50045254531431
              ],
              [
                -4.950468898578327,
                36.50042819587954
              ],
              [
                -4.950460260927264,
                36.50038651381943
              ],
              [
                -4.950426878561381,
                36.50039093563742
              ],
              [
                -4.950416577660677,
                36.500340807945776
              ],
              [
                -4.950449736808873,
                36.500336389781516
              ],
              [
                -4.950439567846379,
                36.5002870711621
              ],
              [
                -4.950399177425511,
                36.50029250894879
              ],
              [
                -4.95039192791221,
                36.50025720387063
              ],
              [
                -4.950398491872173,
                36.500256285295315
              ],
              [
                -4.950388955544756,
                36.50020993082815
              ],
              [
                -4.950422335575408,
                36.5002054189234
              ],
              [
                -4.950417368361241,
                36.50018098303538
              ],
              [
                -4.950383762883542,
                36.500185408489074
              ],
              [
                -4.950373596247355,
                36.50013617996049
              ],
              [
                -4.95040642051713,
                36.50013176728585
              ],
              [
                -4.950402483993471,
                36.50011281286624
              ],
              [
                -4.950395871609216,
                36.50008065214444
              ],
              [
                -4.950385078237334,
                36.50008209056924
              ],
              [
                -4.950381014300066,
                36.50006250727699
              ],
              [
                -4.950391696071227,
                36.50006107067772
              ],
              [
                -4.950386856299799,
                36.50003726365884
              ],
              [
                -4.950353585675998,
                36.500041683627124
              ],
              [
                -4.950341000335884,
                36.499980596632696
              ],
              [
                -4.950374157076059,
                36.49997608839416
              ],
              [
                -4.950384727237582,
                36.49997465362089
              ],
              [
                -4.950386374677837,
                36.499982468553014
              ],
              [
                -4.950428990117648,
                36.49997672397468
              ],
              [
                -4.950536251812659,
                36.49996226049971
              ],
              [
                -4.950534461110155,
                36.499953186002166
              ],
              [
                -4.950545589254686,
                36.49995174208881
              ],
              [
                -4.950579971284666,
                36.49994712361697
              ],
              [
                -4.950592809390967,
                36.50000937822407
              ],
              [
                -4.950559985185514,
                36.50001379094825
              ],
              [
                -4.950564822747121,
                36.500037507859155
              ],
              [
                -4.950575613848016,
                36.50003597931886
              ],
              [
                -4.950579675571562,
                36.50005547250362
              ],
              [
                -4.9505692170016,
                36.500056905469144
              ],
              [
                -4.950579772801194,
                36.500108290890594
              ],
              [
                -4.95061281798045,
                36.500103784409816
              ],
              [
                -4.9506228641205485,
                36.5001526543411
              ],
              [
                -4.950589707323117,
                36.5001571626505
              ],
              [
                -4.9506002495880415,
                36.50020800747149
              ],
              [
                -4.950633741201183,
                36.50020349368267
              ],
              [
                -4.950644547394561,
                36.50025595663868
              ],
              [
                -4.95061172308919,
                36.500260369379966
              ],
              [
                -4.95062253379914,
                36.50031301253672
              ],
              [
                -4.950655469724309,
                36.50030859796652
              ],
              [
                -4.950665759468498,
                36.500358275135824
              ],
              [
                -4.950632600326066,
                36.50036269336005
              ],
              [
                -4.950641360968668,
                36.50040482407731
              ],
              [
                -4.950646694718468,
                36.50043051586956
              ],
              [
                -4.950659601723649,
                36.50042877244004
              ],
              [
                -4.950679965487297,
                36.50042609581525
              ],
              [
                -4.950689627183928,
                36.50047298902316
              ],
              [
                -4.950645118841171,
                36.500478944931274
              ],
              [
                -4.95064333941571,
                36.50047032093432
              ]
            ]
          ],
          [
            [
              [
                -4.950448394214621,
                36.49968661783371
              ],
              [
                -4.950455150428769,
                36.49972896162536
              ],
              [
                -4.950467733833557,
                36.49972767419271
              ],
              [
                -4.950471348292317,
                36.49975159138526
              ],
              [
                -4.950491843830933,
                36.499749723867936
              ],
              [
                -4.950498626377557,
                36.499797565551276
              ],
              [
                -4.950449506724668,
                36.499802154614976
              ],
              [
                -4.950448419531971,
                36.49979442065755
              ],
              [
                -4.950305446766106,
                36.499809468045335
              ],
              [
                -4.950306768442586,
                36.49981764885212
              ],
              [
                -4.950262340389456,
                36.499822341389276
              ],
              [
                -4.950254428445552,
                36.499773977340524
              ],
              [
                -4.950274805618109,
                36.49977184138654
              ],
              [
                -4.95027109544334,
                36.49974855670795
              ],
              [
                -4.95028401364823,
                36.49974726381967
              ],
              [
                -4.9502770207673175,
                36.49970438306843
              ],
              [
                -4.950244060206542,
                36.499707806432674
              ],
              [
                -4.950236262146775,
                36.49965953065576
              ],
              [
                -4.950269443622319,
                36.499656013544865
              ],
              [
                -4.950253735898396,
                36.49955946381796
              ],
              [
                -4.950249301910652,
                36.4995340276982
              ],
              [
                -4.950210107789494,
                36.499538183942676
              ],
              [
                -4.950204591174898,
                36.49950519405895
              ],
              [
                -4.950211382789667,
                36.49950445204499
              ],
              [
                -4.950203464137946,
                36.49945581768992
              ],
              [
                -4.950236422334339,
                36.49945230424038
              ],
              [
                -4.950228228492509,
                36.49940160124739
              ],
              [
                -4.9501957167057675,
                36.49940510739462
              ],
              [
                -4.950187802597288,
                36.4993566532362
              ],
              [
                -4.950221095544054,
                36.49935313431756
              ],
              [
                -4.950212671750711,
                36.49930216467323
              ],
              [
                -4.950201095042622,
                36.49930352575293
              ],
              [
                -4.950197816900738,
                36.49928410987451
              ],
              [
                -4.950209505203029,
                36.49928274697032
              ],
              [
                -4.950205660878193,
                36.49925856311611
              ],
              [
                -4.950172809838307,
                36.49926189453092
              ],
              [
                -4.950163456583305,
                36.499200574383075
              ],
              [
                -4.9502072192295925,
                36.499196073041
              ],
              [
                -4.950208663780596,
                36.49920470252312
              ],
              [
                -4.950356641499032,
                36.499188942461224
              ],
              [
                -4.950355310789334,
                36.49918040125589
              ],
              [
                -4.950400410311556,
                36.499175787844074
              ],
              [
                -4.950410109842077,
                36.49923755299054
              ],
              [
                -4.950377374940245,
                36.4992410628352
              ],
              [
                -4.95038131961177,
                36.499264794359725
              ],
              [
                -4.9503923428462935,
                36.499263622587
              ],
              [
                -4.950395511698927,
                36.49928313038329
              ],
              [
                -4.9503841559311965,
                36.499284397730996
              ],
              [
                -4.95039235663986,
                36.49933537101011
              ],
              [
                -4.95042531477448,
                36.499331857510064
              ],
              [
                -4.950433005832832,
                36.4993803152987
              ],
              [
                -4.950399933820567,
                36.499383740526966
              ],
              [
                -4.950408016174257,
                36.49943444533006
              ],
              [
                -4.950441088207538,
                36.499431020098946
              ],
              [
                -4.950448904448996,
                36.49948001665723
              ],
              [
                -4.950415832395406,
                36.499483441891094
              ],
              [
                -4.95042417639668,
                36.499535674733394
              ],
              [
                -4.950457471666615,
                36.49953224584638
              ],
              [
                -4.950465797617745,
                36.49958375788822
              ],
              [
                -4.950432839379157,
                36.49958727140244
              ],
              [
                -4.950440921781487,
                36.49963797620039
              ],
              [
                -4.950473545248527,
                36.49963446815869
              ],
              [
                -4.950481243157292,
                36.49968319623865
              ],
              [
                -4.950448394214621,
                36.49968661783371
              ]
            ],
            [
              [
                -4.9502770207673175,
                36.49970438306843
              ],
              [
                -4.950288711391133,
                36.49970311025425
              ],
              [
                -4.950283431485857,
                36.49967065732365
              ],
              [
                -4.950271961801533,
                36.49967183638776
              ],
              [
                -4.9502770207673175,
                36.49970438306843
              ]
            ],
            [
              [
                -4.950228228492509,
                36.49940160124739
              ],
              [
                -4.95024136983526,
                36.49940030471559
              ],
              [
                -4.950236176709766,
                36.499366858860355
              ],
              [
                -4.950223258566787,
                36.49936815174165
              ],
              [
                -4.950228228492509,
                36.49940160124739
              ]
            ],
            [
              [
                -4.950399933820567,
                36.499383740526966
              ],
              [
                -4.950394870309605,
                36.49935101365171
              ],
              [
                -4.950382400821532,
                36.49935238934946
              ],
              [
                -4.950387799118805,
                36.49938511075029
              ],
              [
                -4.950399933820567,
                36.499383740526966
              ]
            ],
            [
              [
                -4.950415832395406,
                36.499483441891094
              ],
              [
                -4.950410527590742,
                36.49944999787139
              ],
              [
                -4.950398060347722,
                36.499451463670724
              ],
              [
                -4.950403479004972,
                36.49948499596563
              ],
              [
                -4.950415832395406,
                36.499483441891094
              ]
            ],
            [
              [
                -4.950448394214621,
                36.49968661783371
              ],
              [
                -4.9504434377341235,
                36.499653708939164
              ],
              [
                -4.950430633406243,
                36.499655090118615
              ],
              [
                -4.950435815337168,
                36.499688085463184
              ],
              [
                -4.950448394214621,
                36.49968661783371
              ]
            ],
            [
              [
                -4.950426803939056,
                36.49955140564789
              ],
              [
                -4.950414887885543,
                36.4995525920255
              ],
              [
                -4.950420356290975,
                36.499588106508114
              ],
              [
                -4.950432718739509,
                36.49958691282944
              ],
              [
                -4.950426803939056,
                36.49955140564789
              ]
            ],
            [
              [
                -4.950239061136908,
                36.4994684856581
              ],
              [
                -4.950244122332155,
                36.49950112244156
              ],
              [
                -4.950257377548973,
                36.49949991418216
              ],
              [
                -4.9502524256852185,
                36.49946718547498
              ],
              [
                -4.950239061136908,
                36.4994684856581
              ]
            ]
          ]
        ],
        "type": "MultiPolygon"
      },
      "id": "ES.SDGC.BU.5313101UF2451S",
      "properties": {
        "begin_lifespan_version": "2009-08-13T00:00:00",
        "local_id": "5313101UF2451S",
        "source_authority": "Dirección General del Catastro"
      },
      "type": "Feature"
    },
    {
      "geometry": {
        "coordinates": [
          [
            [
              [
                -4.951431596390498,
                36.495584195955324
              ],
              [
                -4.951462649091466,
                36.49581173327783
              ],
              [
                -4.951160484535788,
                36.49588445963644
              ],
              [
                -4.95108306090717,
                36.495668587336105
              ],
              [
                -4.951431596390498,
                36.495584195955324
              ]
            ]
          ],
          [
            [
              [
                -4.951292344002802,
                36.495280100237395
              ],
              [
                -4.9513038920499035,
                36.49529541478671
              ],
              [
                -4.951316943586997,
                36.49530836118656
              ],
              [
                -4.951331411896013,
                36.495319932357134
              ],
              [
                -4.9513377740683255,
                36.49532433509204
              ],
              [
                -4.9513474108292845,
                36.49533021657167
              ],
              [
                -4.951364714942749,
                36.49533912738163
              ],
              [
                -4.951383094269408,
                36.495346398139404
              ],
              [
                -4.951402437217072,
                36.49535203067037
              ],
              [
                -4.951419738929762,
                36.49548983674784
              ],
              [
                -4.951052057570161,
                36.49557643415992
              ],
              [
                -4.950975057532209,
                36.4953640701668
              ],
              [
                -4.951027500289321,
                36.495354108505545
              ],
              [
                -4.951292344002802,
                36.495280100237395
              ]
            ]
          ],
          [
            [
              [
                -4.950803505754128,
                36.49585487549756
              ],
              [
                -4.950764664302397,
                36.495748428605076
              ],
              [
                -4.951008586726233,
                36.49569035676356
              ],
              [
                -4.951060353140807,
                36.495831384837366
              ],
              [
                -4.95108635931971,
                36.495902347534695
              ],
              [
                -4.950842342796915,
                36.4959611421733
              ],
              [
                -4.950803505754128,
                36.49585487549756
              ]
            ]
          ],
          [
            [
              [
                -4.950894506489703,
                36.495379449094926
              ],
              [
                -4.950972160051118,
                36.49559117149633
              ],
              [
                -4.950732746786377,
                36.49565097223908
              ],
              [
                -4.950648557827997,
                36.495414569015125
              ],
              [
                -4.950739731104069,
                36.49540875126124
              ],
              [
                -4.950894506489703,
                36.495379449094926
              ]
            ]
          ],
          [
            [
              [
                -4.950531971070619,
                36.495421974097155
              ],
              [
                -4.950619840556297,
                36.495667150593434
              ],
              [
                -4.950610300542628,
                36.495691823759266
              ],
              [
                -4.950621599873331,
                36.49569722742336
              ],
              [
                -4.950630582902493,
                36.4957037506084
              ],
              [
                -4.950638035293872,
                36.49571156073821
              ],
              [
                -4.950642322425949,
                36.49571780017863
              ],
              [
                -4.9506436132298886,
                36.4957203028902
              ],
              [
                -4.9506470867449215,
                36.495729710416185
              ],
              [
                -4.950648444535875,
                36.495739332818516
              ],
              [
                -4.950647463418169,
                36.49574917374755
              ],
              [
                -4.950644353011839,
                36.495758688955625
              ],
              [
                -4.950639106534689,
                36.495767608143865
              ],
              [
                -4.950655220155446,
                36.49577356402119
              ],
              [
                -4.9507337043943584,
                36.495987255986755
              ],
              [
                -4.950521868257625,
                36.49603831270234
              ],
              [
                -4.9503084968921485,
                36.495436264766234
              ],
              [
                -4.950531971070619,
                36.495421974097155
              ]
            ]
          ]
        ],
        "type": "MultiPolygon"
      },
      "id": "ES.SDGC.BU.5409101UF2450N",
      "properties": {
        "begin_lifespan_version": "2009-11-18T00:00:00",
        "local_id": "5409101UF2450N",
        "source_authority": "Dirección General del Catastro"
      },
      "type": "Feature"
    },
    {
      "geometry": {
        "coordinates": [
          [
            [
              [
                -4.949514351957797,
                36.49612806671618
              ],
              [
                -4.949511161850208,
                36.49612550490136
              ],
              [
                -4.949508739335261,
                36.49612238972019
              ],
              [
                -4.949507535301367,
                36.49611889407569
              ],
              [
                -4.949507668118481,
                36.49611528644268
              ],
              [
                -4.949508921379009,
                36.4961118407682
              ],
              [
                -4.949511411193708,
                36.49610873542735
              ],
              [
                -4.949514923414292,
                36.49610633446671
              ],
              [
                -4.949519016189207,
                36.49610482538178
              ],
              [
                -4.9495233570003005,
                36.49610430374436
              ],
              [
                -4.949527836514456,
                36.496104861478145
              ],
              [
                -4.949532003843445,
                36.496106325680245
              ],
              [
                -4.949535412617413,
                36.49610870364709
              ],
              [
                -4.949698573987702,
                36.495937391007196
              ],
              [
                -4.949695488696417,
                36.49593455707408
              ],
              [
                -4.949693063921162,
                36.495931351797
              ],
              [
                -4.949691301921285,
                36.4959278652756
              ],
              [
                -4.949690207215507,
                36.49592427770914
              ],
              [
                -4.949689891395959,
                36.49592058727342
              ],
              [
                -4.949690245129711,
                36.49591688589227
              ],
              [
                -4.949691380008875,
                36.49591317174148
              ],
              [
                -4.949693191219322,
                36.495909716944105
              ],
              [
                -4.949695678760981,
                36.49590652150011
              ],
              [
                -4.9496987333009965,
                36.49590367733331
              ],
              [
                -4.949702245506565,
                36.49590127636753
              ],
              [
                -4.949706217637107,
                36.49589940870234
              ],
              [
                -4.9497105358410725,
                36.49589798606234
              ],
              [
                -4.949715090785754,
                36.49589710037135
              ],
              [
                -4.949719661546299,
                36.49589684537749
              ],
              [
                -4.949724245863388,
                36.49589713098112
              ],
              [
                -4.949728845996556,
                36.49589804728187
              ],
              [
                -4.949733124909923,
                36.495899509652936
              ],
              [
                -4.949742981550845,
                36.49588745049473
              ],
              [
                -4.949758578593474,
                36.495868356978086
              ],
              [
                -4.949754177670432,
                36.49586202922882
              ],
              [
                -4.9497528620380615,
                36.49585853541116
              ],
              [
                -4.949752325291181,
                36.49585493872384
              ],
              [
                -4.949752348764377,
                36.49585142301466
              ],
              [
                -4.949753153382333,
                36.49584789453545
              ],
              [
                -4.9497547414044,
                36.49584444338581
              ],
              [
                -4.949756782573111,
                36.49584125523781
              ],
              [
                -4.949759613924177,
                36.49583841471816
              ],
              [
                -4.949762898421805,
                36.49583583720009
              ],
              [
                -4.949766531252316,
                36.49583379480669
              ],
              [
                -4.94977062400784,
                36.49583228571363
              ],
              [
                -4.9497749535042646,
                36.495831313569475
              ],
              [
                -4.9497794058901015,
                36.49583079009891
              ],
              [
                -4.949783876351822,
                36.49583098742508
              ],
              [
                -4.949788246518973,
                36.49583163707345
              ],
              [
                -4.949792520910639,
                36.49583291924325
              ],
              [
                -4.95006526497794,
                36.49553966256687
              ],
              [
                -4.950061965546065,
                36.49553719269054
              ],
              [
                -4.950059324365281,
                36.49553426136871
              ],
              [
                -4.950057566878616,
                36.495530955051926
              ],
              [
                -4.950056583754146,
                36.49552736566439
              ],
              [
                -4.950056609473945,
                36.495523940054994
              ],
              [
                -4.950057637258521,
                36.49552040792495
              ],
              [
                -4.95005956455527,
                36.49551713149719
              ],
              [
                -4.950062172700459,
                36.495514294620016
              ],
              [
                -4.9500655755454535,
                36.495511985568406
              ],
              [
                -4.950069552166841,
                36.495510298091055
              ],
              [
                -4.95007377230948,
                36.49550941786084
              ],
              [
                -4.950078119862276,
                36.49550916650308
              ],
              [
                -4.950082599344959,
                36.49550972421697
              ],
              [
                -4.95008642509682,
                36.49551092357544
              ],
              [
                -4.950090498890056,
                36.49551311038018
              ],
              [
                -4.950093577398354,
                36.49551567400453
              ],
              [
                -4.950095997656337,
                36.49551869907437
              ],
              [
                -4.950097534220907,
                36.49552209913935
              ],
              [
                -4.950098068720852,
                36.49552560572529
              ],
              [
                -4.950097712747669,
                36.49552921700764
              ],
              [
                -4.950096459521737,
                36.49553266268759
              ],
              [
                -4.950094304523283,
                36.49553576256589
              ],
              [
                -4.950190263624772,
                36.49559611734033
              ],
              [
                -4.949880060851949,
                36.495927032832746
              ],
              [
                -4.949912136311292,
                36.49594624833264
              ],
              [
                -4.949974295299571,
                36.49598092613839
              ],
              [
                -4.950211911822018,
                36.49612982237093
              ],
              [
                -4.9501148559716714,
                36.4961548448645
              ],
              [
                -4.949929217939687,
                36.49604421789438
              ],
              [
                -4.949750790031364,
                36.496234438685015
              ],
              [
                -4.949747408359217,
                36.496233141920015
              ],
              [
                -4.949742814984289,
                36.49623249591946
              ],
              [
                -4.94973824420417,
                36.496232750914785
              ],
              [
                -4.949733921463501,
                36.496233993357066
              ],
              [
                -4.949730065428532,
                36.4962360393985
              ],
              [
                -4.949726897025064,
                36.49623879529097
              ],
              [
                -4.949724634919521,
                36.49624207718677
              ],
              [
                -4.949723500037881,
                36.496245791337785
              ],
              [
                -4.949723592675682,
                36.4962494854217
              ],
              [
                -4.949724578055027,
                36.49625316491137
              ],
              [
                -4.949704384678174,
                36.49624033508892
              ],
              [
                -4.949674817742575,
                36.496272185948754
              ],
              [
                -4.94967535674906,
                36.49627587273583
              ],
              [
                -4.9496750030137475,
                36.496279574116784
              ],
              [
                -4.9496736426843695,
                36.49628320181624
              ],
              [
                -4.94967160376081,
                36.49628648006265
              ],
              [
                -4.949668663057513,
                36.49628941250444
              ],
              [
                -4.949665153093268,
                36.49629190356925
              ],
              [
                -4.949661067089906,
                36.4962936829582
              ],
              [
                -4.94965663049239,
                36.4962948371224
              ],
              [
                -4.949652175819695,
                36.49629527048954
              ],
              [
                -4.9496475892198175,
                36.49629489478425
              ],
              [
                -4.949643098397146,
                36.49629388655727
              ],
              [
                -4.949638924277931,
                36.496292152060626
              ],
              [
                -4.9496354038998795,
                36.49628977592135
              ],
              [
                -4.9496323208556,
                36.49628703208672
              ],
              [
                -4.949616599345466,
                36.49627890638504
              ],
              [
                -4.949574483859593,
                36.49632231955304
              ],
              [
                -4.9495780159364715,
                36.49631180597679
              ],
              [
                -4.949579509084497,
                36.4963045706454
              ],
              [
                -4.9495801284517755,
                36.49629365399883
              ],
              [
                -4.949579724522614,
                36.49628644967794
              ],
              [
                -4.949579187779844,
                36.49628285298991
              ],
              [
                -4.949577556330811,
                36.4962756687346
              ],
              [
                -4.949573832619489,
                36.496265183628026
              ],
              [
                -4.949570315391768,
                36.49625848088101
              ],
              [
                -4.949566244719732,
                36.49625196745378
              ],
              [
                -4.949561401936644,
                36.496245827193746
              ],
              [
                -4.949556007968715,
                36.49623996635295
              ],
              [
                -4.949549955741838,
                36.49623456695468
              ],
              [
                -4.949543693885962,
                36.496229711801995
              ],
              [
                -4.949536429956141,
                36.49622496316552
              ],
              [
                -4.949525007728962,
                36.49621911072507
              ],
              [
                -4.9495127221320425,
                36.49621444417115
              ],
              [
                -4.94949991246128,
                36.496211138230606
              ],
              [
                -4.949491053717721,
                36.49620957043897
              ],
              [
                -4.949477517120193,
                36.496208439655284
              ],
              [
                -4.94947316274794,
                36.496208420693485
              ],
              [
                -4.949470048978034,
                36.49619999875412
              ],
              [
                -4.949465956197163,
                36.496201507837526
              ],
              [
                -4.949461617639342,
                36.49620211957264
              ],
              [
                -4.949457256489982,
                36.496201830311364
              ],
              [
                -4.9494529843418675,
                36.49620063822968
              ],
              [
                -4.949449252083944,
                36.49619871623075
              ],
              [
                -4.94944617130891,
                36.49619606249059
              ],
              [
                -4.949443969720296,
                36.49619285356047
              ],
              [
                -4.9494428795397925,
                36.49618944619091
              ],
              [
                -4.949442903026396,
                36.496185930481566
              ],
              [
                -4.949443930846477,
                36.49618239835608
              ],
              [
                -4.949446085888156,
                36.49617929848853
              ],
              [
                -4.949449033373532,
                36.49617663635092
              ],
              [
                -4.949452780079985,
                36.49617468224208
              ],
              [
                -4.94945710734065,
                36.49617362000921
              ],
              [
                -4.9494614549335285,
                36.49617336867279
              ],
              [
                -4.949465822858757,
                36.49617392823283
              ],
              [
                -4.949469878597844,
                36.49617539426104
              ],
              [
                -4.949514351957797,
                36.49612806671618
              ]
            ]
          ]
        ],
        "type": "MultiPolygon"
      },
      "id": "ES.SDGC.BU.5409102UF2450N",
      "properties": {
        "begin_lifespan_version": "2009-11-18T00:00:00",
        "local_id": "5409102UF2450N",
        "source_authority": "Dirección General del Catastro"
      },
      "type": "Feature"
    },
    {
      "geometry": {
        "coordinates": [
          [
            [
              [
                -4.947685876164636,
                36.49564866907839
              ],
              [
                -4.94759364178641,
                36.4957012827175
              ],
              [
                -4.947580541129351,
                36.49568635370018
              ],
              [
                -4.947557206358035,
                36.495699624277
              ],
              [
                -4.947536983883701,
                36.495676699256705
              ],
              [
                -4.9475527226219285,
                36.495667699005395
              ],
              [
                -4.947551226788104,
                36.49566592069964
              ],
              [
                -4.947531694188307,
                36.49564379564229
              ],
              [
                -4.947551286730367,
                36.49563265932021
              ],
              [
                -4.947536808623458,
                36.4956162204685
              ],
              [
                -4.947541760296701,
                36.49561334537726
              ],
              [
                -4.947534868433852,
                36.495605616032876
              ],
              [
                -4.947549017789181,
                36.49559556009642
              ],
              [
                -4.947535707516695,
                36.49558117531598
              ],
              [
                -4.9475171173289505,
                36.49556101787172
              ],
              [
                -4.947597243518802,
                36.49551527212354
              ],
              [
                -4.9476017287574505,
                36.49552051693955
              ],
              [
                -4.947656319926399,
                36.49548933957414
              ],
              [
                -4.947647472322998,
                36.495479298622456
              ],
              [
                -4.947756656778632,
                36.49541703392807
              ],
              [
                -4.9477838985074865,
                36.495448317118075
              ],
              [
                -4.947808554206924,
                36.49543430383255
              ],
              [
                -4.947789823052684,
                36.495412976957475
              ],
              [
                -4.947868046367347,
                36.49537149852632
              ],
              [
                -4.94785802189101,
                36.49535904312309
              ],
              [
                -4.947913660053112,
                36.495329561137744
              ],
              [
                -4.947930210033195,
                36.4953484899296
              ],
              [
                -4.9479322796277705,
                36.495350889815796
              ],
              [
                -4.947962386175048,
                36.495331649687685
              ],
              [
                -4.947991233124649,
                36.495364619207386
              ],
              [
                -4.947982646368392,
                36.49536944655677
              ],
              [
                -4.947986667198334,
                36.49537397785063
              ],
              [
                -4.948019885585053,
                36.495412103886096
              ],
              [
                -4.947982133377117,
                36.4954336321829
              ],
              [
                -4.948006845689277,
                36.495461982126045
              ],
              [
                -4.947978780338707,
                36.49547803414653
              ],
              [
                -4.947963958369631,
                36.49546124041712
              ],
              [
                -4.947931708958513,
                36.495479614178436
              ],
              [
                -4.947943662124689,
                36.49549329998653
              ],
              [
                -4.947922088112499,
                36.49550555037336
              ],
              [
                -4.9479131379112005,
                36.49549587166393
              ],
              [
                -4.947883760514553,
                36.49551302673017
              ],
              [
                -4.9478557172656314,
                36.49548094542523
              ],
              [
                -4.94782897066151,
                36.495496164644024
              ],
              [
                -4.947866093753651,
                36.49553864364427
              ],
              [
                -4.947835825853043,
                36.495555903379206
              ],
              [
                -4.9478432982717635,
                36.49556452459021
              ],
              [
                -4.947822387003144,
                36.4955764937258
              ],
              [
                -4.947810092297257,
                36.4955625430737
              ],
              [
                -4.947774761120735,
                36.49558267971823
              ],
              [
                -4.947788326220553,
                36.49559832222189
              ],
              [
                -4.947742428911016,
                36.49562449029345
              ],
              [
                -4.9477240550727775,
                36.49560405893957
              ],
              [
                -4.947670092779075,
                36.495633603607914
              ],
              [
                -4.947685876164636,
                36.49564866907839
              ]
            ]
          ],
          [
            [
              [
                -4.947742428911016,
                36.49562449029345
              ],
              [
                -4.947750247387996,
                36.495633556541726
              ],
              [
                -4.947698516924405,
                36.49566306477491
              ],
              [
                -4.947685876164636,
                36.49564866907839
              ],
              [
                -4.947742428911016,
                36.49562449029345
              ]
            ]
          ]
        ],
        "type": "MultiPolygon"
      },
      "id": "ES.SDGC.BU.5609102UF2450N",
      "properties": {
        "begin_lifespan_version": "2009-12-01T00:00:00",
        "local_id": "5609102UF2450N",
        "source_authority": "Dirección General del Catastro"
      },
      "type": "Feature"
    },
    {
      "geometry": {
        "coordinates": [
          [
            [
              [
                -4.947165680900244,
                36.495770464671814
              ],
              [
                -4.9471757775314,
                36.495785803326235
              ],
              [
                -4.947182072848377,
                36.49578308658625
              ],
              [
                -4.9472256100569645,
                36.49584988808424
              ],
              [
                -4.947249024985772,
                36.49588438865471
              ],
              [
                -4.947295103096347,
                36.49595457383007
              ],
              [
                -4.947330475970876,
                36.4960118639716
              ],
              [
                -4.947375158705092,
                36.49607981848114
              ],
              [
                -4.94744614147249,
                36.49619493564901
              ],
              [
                -4.9472750996181105,
                36.496265781512406
              ],
              [
                -4.947244645984889,
                36.496217695110126
              ],
              [
                -4.9472482585931905,
                36.4962148418934
              ],
              [
                -4.947161536606576,
                36.4960819542486
              ],
              [
                -4.947126171818341,
                36.49602944116344
              ],
              [
                -4.947083379631009,
                36.495961185282844
              ],
              [
                -4.947056287744665,
                36.495922508286974
              ],
              [
                -4.9470126435554995,
                36.495855888746036
              ],
              [
                -4.947018938884138,
                36.49585317201436
              ],
              [
                -4.947006731045839,
                36.49583822835794
              ],
              [
                -4.947165680900244,
                36.495770464671814
              ]
            ],
            [
              [
                -4.947248468487267,
                36.49608504178393
              ],
              [
                -4.947265870819337,
                36.49611125781315
              ],
              [
                -4.947298231226553,
                36.496097299108484
              ],
              [
                -4.947280940479719,
                36.49607108126218
              ],
              [
                -4.947248468487267,
                36.49608504178393
              ]
            ],
            [
              [
                -4.947182843770674,
                36.49592530953914
              ],
              [
                -4.947153518971155,
                36.495940120018574
              ],
              [
                -4.947173232062959,
                36.49596945311776
              ],
              [
                -4.947203601818455,
                36.495956248031575
              ],
              [
                -4.947182843770674,
                36.49592530953914
              ]
            ]
          ],
          [
            [
              [
                -4.94737786449466,
                36.49566190108474
              ],
              [
                -4.94739224411371,
                36.495750180425276
              ],
              [
                -4.947352484708241,
                36.49575398439168
              ],
              [
                -4.947335101175623,
                36.49566611463867
              ],
              [
                -4.94737786449466,
                36.49566190108474
              ]
            ]
          ],
          [
            [
              [
                -4.946905916322942,
                36.49551700480585
              ],
              [
                -4.946972289674345,
                36.49551051311953
              ],
              [
                -4.947049118797134,
                36.495502498656364
              ],
              [
                -4.94708374035928,
                36.495498598396836
              ],
              [
                -4.947084315337781,
                36.49550372679607
              ],
              [
                -4.94714980946271,
                36.49549779018448
              ],
              [
                -4.947148243692505,
                36.49549321878078
              ],
              [
                -4.947218748148786,
                36.49548674965009
              ],
              [
                -4.947256409748874,
                36.495483881346416
              ],
              [
                -4.947325253848425,
                36.495477980080835
              ],
              [
                -4.947334543362289,
                36.49553686787475
              ],
              [
                -4.947312190130512,
                36.49554029748919
              ],
              [
                -4.947316135090868,
                36.495577459490995
              ],
              [
                -4.94734015544125,
                36.49557373224596
              ],
              [
                -4.947349257903732,
                36.4956340652771
              ],
              [
                -4.947276300561919,
                36.49564066467152
              ],
              [
                -4.947174406007722,
                36.49565080110312
              ],
              [
                -4.947173878407329,
                36.495647564799455
              ],
              [
                -4.947102392036513,
                36.495654951301745
              ],
              [
                -4.947102582601601,
                36.495658102971454
              ],
              [
                -4.9470024441363325,
                36.49566703881164
              ],
              [
                -4.946929543128878,
                36.49567589048976
              ],
              [
                -4.946920787041034,
                36.49561600245129
              ],
              [
                -4.946941611870434,
                36.49561394990874
              ],
              [
                -4.946934841189523,
                36.49557539183429
              ],
              [
                -4.946913467435225,
                36.495577813882555
              ],
              [
                -4.946905916322942,
                36.49551700480585
              ]
            ],
            [
              [
                -4.947102462076547,
                36.49555967577773
              ],
              [
                -4.947108413336591,
                36.49559671489708
              ],
              [
                -4.94715295307855,
                36.49559211187662
              ],
              [
                -4.947146887949559,
                36.495554984482176
              ],
              [
                -4.947102462076547,
                36.49555967577773
              ]
            ]
          ]
        ],
        "type": "MultiPolygon"
      },
      "id": "ES.SDGC.BU.5609103UF2450N",
      "properties": {
        "begin_lifespan_version": "2009-12-01T00:00:00",
        "local_id": "5609103UF2450N",
        "source_authority": "Dirección General del Catastro"
      },
      "type": "Feature"
    },
    {
      "geometry": {
        "coordinates": [
          [
            [
              [
                -4.947455224888054,
                36.49489510783921
              ],
              [
                -4.9474301643273355,
                36.49489740990407
              ],
              [
                -4.947411564753912,
                36.49489915578561
              ],
              [
                -4.947435395447059,
                36.49506615033691
              ],
              [
                -4.946961463984388,
                36.495109401695416
              ],
              [
                -4.946962658862558,
                36.495112536971
              ],
              [
                -4.946967797286784,
                36.49514832745774
              ],
              [
                -4.946911554234071,
                36.495153662269665
              ],
              [
                -4.946906301987817,
                36.495117783501584
              ],
              [
                -4.94690554896458,
                36.49511446073944
              ],
              [
                -4.946822125040039,
                36.495122132070414
              ],
              [
                -4.946817276338593,
                36.495084534115016
              ],
              [
                -4.946695589124976,
                36.495097787439256
              ],
              [
                -4.946702317975942,
                36.495139140449815
              ],
              [
                -4.946609802160786,
                36.49514930358319
              ],
              [
                -4.946602309068687,
                36.495104177302636
              ],
              [
                -4.9465621193663685,
                36.4951086189809
              ],
              [
                -4.946555822361381,
                36.49507113478735
              ],
              [
                -4.9465399288138165,
                36.49497584937503
              ],
              [
                -4.946539139717152,
                36.49497108501322
              ],
              [
                -4.946441024219716,
                36.4949805281746
              ],
              [
                -4.946431322818492,
                36.49491407554236
              ],
              [
                -4.946372598533358,
                36.49451257389727
              ],
              [
                -4.946370594416727,
                36.49451278687618
              ],
              [
                -4.946370241602026,
                36.494512071540875
              ],
              [
                -4.9463691526563,
                36.4945042474256
              ],
              [
                -4.94633587114529,
                36.494262863852775
              ],
              [
                -4.946340745021914,
                36.49426134213038
              ],
              [
                -4.946339297683228,
                36.49425703919141
              ],
              [
                -4.946340521739682,
                36.494252422248245
              ],
              [
                -4.946343341887218,
                36.49424913130792
              ],
              [
                -4.946348186442841,
                36.49424643828759
              ],
              [
                -4.946353857236153,
                36.49424553451614
              ],
              [
                -4.946359570881866,
                36.494246342640984
              ],
              [
                -4.946364434660054,
                36.49424887723053
              ],
              [
                -4.946368325703883,
                36.494252689606846
              ],
              [
                -4.946740076482979,
                36.494136926096864
              ],
              [
                -4.946749732159187,
                36.494156959096735
              ],
              [
                -4.946780010176126,
                36.494220371747076
              ],
              [
                -4.946787551226926,
                36.49423620283853
              ],
              [
                -4.946786665274661,
                36.49423648770949
              ],
              [
                -4.946801215300812,
                36.49426473338437
              ],
              [
                -4.946810283732647,
                36.494283604187984
              ],
              [
                -4.946838533905415,
                36.49427494062821
              ],
              [
                -4.946837507765445,
                36.49425179226748
              ],
              [
                -4.946862543326368,
                36.494248499234956
              ],
              [
                -4.946874800669324,
                36.49427434863593
              ],
              [
                -4.946901371423696,
                36.494269948896175
              ],
              [
                -4.94690399924113,
                36.49429018673908
              ],
              [
                -4.946825013045206,
                36.494314551031536
              ],
              [
                -4.94682796071394,
                36.4943208124798
              ],
              [
                -4.946583441926436,
                36.49439961691314
              ],
              [
                -4.946580856112525,
                36.49439443119227
              ],
              [
                -4.946558376979293,
                36.494401738591314
              ],
              [
                -4.94655973423544,
                36.49441136105809
              ],
              [
                -4.94652553918245,
                36.49441444296931
              ],
              [
                -4.946527314663107,
                36.49442739366576
              ],
              [
                -4.946511498165351,
                36.49442882357449
              ],
              [
                -4.946521278501394,
                36.4944984296983
              ],
              [
                -4.946613046263544,
                36.49448963090147
              ],
              [
                -4.946650099370064,
                36.49474339166989
              ],
              [
                -4.946679132208806,
                36.49495771334856
              ],
              [
                -4.9465865850245905,
                36.49496661506073
              ],
              [
                -4.946601921866776,
                36.495066416382855
              ],
              [
                -4.9468121570846275,
                36.495045047706654
              ],
              [
                -4.946782750869376,
                36.49483812336516
              ],
              [
                -4.946915623815456,
                36.49482576900258
              ],
              [
                -4.946908077483688,
                36.49477406363771
              ],
              [
                -4.947298770574391,
                36.49473703896046
              ],
              [
                -4.947300830300865,
                36.49475241869028
              ],
              [
                -4.947332684313016,
                36.49474946491469
              ],
              [
                -4.947401848988965,
                36.49474301755935
              ],
              [
                -4.947431364101442,
                36.494740282220036
              ],
              [
                -4.9474470667924235,
                36.4947387639103
              ],
              [
                -4.947452871681685,
                36.49477887004997
              ],
              [
                -4.947436722619866,
                36.49478039564902
              ],
              [
                -4.947428924808831,
                36.4947810637928
              ],
              [
                -4.947437990098961,
                36.494844371939344
              ],
              [
                -4.947445787916218,
                36.4948437037948
              ],
              [
                -4.947451911871038,
                36.49484306298118
              ],
              [
                -4.947459344724197,
                36.494894680022405
              ],
              [
                -4.947455224888054,
                36.49489510783921
              ]
            ]
          ]
        ],
        "type": "MultiPolygon"
      },
      "id": "ES.SDGC.BU.5707102UF2450N",
      "properties": {
        "begin_lifespan_version": "2026-03-10T00:00:00",
        "local_id": "5707102UF2450N",
        "source_authority": "Dirección General del Catastro"
      },
      "type": "Feature"
    }
  ],
  "properties": {
    "query_note": "100 m query; complete source features may extend beyond the query box",
    "source": "Dirección General del Catastro INSPIRE Buildings"
  },
  "type": "FeatureCollection"
}
