{
  "features": [
    {
      "geometry": {
        "coordinates": [
          [
            -4.95216851,
            36.49887167,
            12.813
          ],
          [
            -4.952121,
            36.499403,
            12.996
          ],
          [
            -4.952108,
            36.499881,
            13.275
          ],
          [
            -4.952107,
            36.500229,
            13.101
          ],
          [
            -4.95225977,
            36.50103184,
            12.653
          ],
          [
            -4.95229494,
            36.50171344,
            12.316
          ]
        ],
        "type": "LineString"
      },
      "id": "VIAL_TR290690001981",
      "properties": {
        "fecha_alta": "2023-09-21T00:00:00",
        "fictitious": "true",
        "formofway_href": "http://inspire.ec.europa.eu/codelist/FormOfWayValue/dualCarriageway",
        "functionalclass": null,
        "numberoflanes": null,
        "surfacecategory": "paved"
      },
      "type": "Feature"
    },
    {
      "geometry": {
        "coordinates": [
          [
            -4.94425516,
            36.49619497,
            4.1
          ],
          [
            -4.945551,
            36.495922,
            2.6
          ],
          [
            -4.945606,
            36.49594,
            2.6
          ],
          [
            -4.94566,
            36.495985,
            2.6
          ],
          [
            -4.945832,
            36.496324,
            2.6
          ],
          [
            -4.945803,
            36.496365,
            2.6
          ],
          [
            -4.94449341,
            36.49663492,
            4.0
          ]
        ],
        "type": "LineString"
      },
      "id": "VIAL_TR290690006169",
      "properties": {
        "fecha_alta": "2017-03-17T00:00:00",
        "fictitious": "true",
        "formofway_href": "http://inspire.ec.europa.eu/codelist/FormOfWayValue/singleCarriageway",
        "functionalclass": null,
        "numberoflanes": null,
        "surfacecategory": "paved"
      },
      "type": "Feature"
    },
    {
      "geometry": {
        "coordinates": [
          [
            -4.95320361,
            36.50033022,
            69.1
          ],
          [
            -4.95316363,
            36.50022742,
            69.1
          ],
          [
            -4.95303377,
            36.50008762,
            21.591
          ],
          [
            -4.953008,
            36.500031,
            21.2
          ],
          [
            -4.95299259,
            36.5,
            20.9
          ],
          [
            -4.952759,
            36.49953,
            17.6
          ],
          [
            -4.952496,
            36.498954,
            13.8
          ]
        ],
        "type": "LineString"
      },
      "id": "VIAL_TR290690007537",
      "properties": {
        "fecha_alta": "2023-09-21T00:00:00",
        "fictitious": "true",
        "formofway_href": "http://inspire.ec.europa.eu/codelist/FormOfWayValue/singleCarriageway",
        "functionalclass": null,
        "numberoflanes": null,
        "surfacecategory": "paved"
      },
      "type": "Feature"
    },
    {
      "geometry": {
        "coordinates": [
          [
            -4.94804394,
            36.49512162,
            2.5
          ],
          [
            -4.94681516,
            36.4952637,
            2.6
          ],
          [
            -4.94677299,
            36.49527274,
            5.7
          ],
          [
            -4.94675806,
            36.49528797,
            5.7
          ],
          [
            -4.94674664,
            36.49531367,
            5.7
          ],
          [
            -4.94675235,
            36.49534079,
            5.7
          ],
          [
            -4.94676805,
            36.4953565,
            5.7
          ],
          [
            -4.94692224,
            36.49533794,
            5.7
          ],
          [
            -4.9474048,
            36.49527512,
            5.7
          ],
          [
            -4.94791305,
            36.49520516,
            5.7
          ],
          [
            -4.948674,
            36.49513378,
            5.7
          ],
          [
            -4.94910516,
            36.49508524,
            5.7
          ],
          [
            -4.94933584,
            36.49503462,
            5.7
          ]
        ],
        "type": "LineString"
      },
      "id": "VIAL_TR290690008630",
      "properties": {
        "fecha_alta": "2023-09-21T00:00:00",
        "fictitious": "true",
        "formofway_href": "http://inspire.ec.europa.eu/codelist/FormOfWayValue/singleCarriageway",
        "functionalclass": null,
        "numberoflanes": null,
        "surfacecategory": "paved"
      },
      "type": "Feature"
    },
    {
      "geometry": {
        "coordinates": [
          [
            -4.94488474,
            36.49429954,
            2.8
          ],
          [
            -4.94555575,
            36.4955083,
            2.8
          ],
          [
            -4.94556289,
            36.49556541,
            2.8
          ],
          [
            -4.94554075,
            36.49562503,
            2.8
          ],
          [
            -4.94495119,
            36.495778,
            2.7
          ]
        ],
        "type": "LineString"
      },
      "id": "VIAL_TR290690011239",
      "properties": {
        "fecha_alta": "2024-05-23T13:03:50.590756",
        "fictitious": "true",
        "formofway_href": "http://inspire.ec.europa.eu/codelist/FormOfWayValue/singleCarriageway",
        "functionalclass": null,
        "numberoflanes": null,
        "surfacecategory": "paved"
      },
      "type": "Feature"
    },
    {
      "geometry": {
        "coordinates": [
          [
            -4.954837,
            36.497259,
            36.4
          ],
          [
            -4.954754,
            36.497235,
            35.8
          ],
          [
            -4.954643,
            36.497179,
            34.8
          ],
          [
            -4.954361,
            36.496993,
            32.0
          ],
          [
            -4.95394,
            36.496685,
            27.7
          ],
          [
            -4.953378,
            36.496239,
            21.6
          ],
          [
            -4.95330555,
            36.49618828,
            20.2
          ]
        ],
        "type": "LineString"
      },
      "id": "VIAL_TR290690011917",
      "properties": {
        "fecha_alta": "2023-09-21T00:00:00",
        "fictitious": "true",
        "formofway_href": "http://inspire.ec.europa.eu/codelist/FormOfWayValue/singleCarriageway",
        "functionalclass": null,
        "numberoflanes": null,
        "surfacecategory": "paved"
      },
      "type": "Feature"
    },
    {
      "geometry": {
        "coordinates": [
          [
            -4.95330511,
            36.4960563,
            19.961
          ],
          [
            -4.953193,
            36.496063,
            19.4
          ],
          [
            -4.95307997,
            36.49606278,
            5.7
          ]
        ],
        "type": "LineString"
      },
      "id": "VIAL_TR290690011918",
      "properties": {
        "fecha_alta": "2023-09-21T00:00:00",
        "fictitious": "true",
        "formofway_href": "http://inspire.ec.europa.eu/codelist/FormOfWayValue/singleCarriageway",
        "functionalclass": null,
        "numberoflanes": null,
        "surfacecategory": "paved"
      },
      "type": "Feature"
    },
    {
      "geometry": {
        "coordinates": [
          [
            -4.95330511,
            36.4960563,
            19.961
          ],
          [
            -4.953812,
            36.496026,
            22.5
          ],
          [
            -4.95492,
            36.495937,
            28.1
          ],
          [
            -4.955652,
            36.495809,
            28.3
          ],
          [
            -4.956217,
            36.495692,
            24.8
          ]
        ],
        "type": "LineString"
      },
      "id": "VIAL_TR290690011919",
      "properties": {
        "fecha_alta": "2017-03-17T00:00:00",
        "fictitious": "true",
        "formofway_href": "http://inspire.ec.europa.eu/codelist/FormOfWayValue/singleCarriageway",
        "functionalclass": null,
        "numberoflanes": null,
        "surfacecategory": "paved"
      },
      "type": "Feature"
    },
    {
      "geometry": {
        "coordinates": [
          [
            -4.952496,
            36.498954,
            13.8
          ],
          [
            -4.95238238,
            36.49872532,
            69.1
          ]
        ],
        "type": "LineString"
      },
      "id": "VIAL_TR290690017668",
      "properties": {
        "fecha_alta": "2023-09-21T00:00:00",
        "fictitious": "false",
        "formofway_href": "http://inspire.ec.europa.eu/codelist/FormOfWayValue/slipRoad",
        "functionalclass": null,
        "numberoflanes": null,
        "surfacecategory": "paved"
      },
      "type": "Feature"
    },
    {
      "geometry": {
        "coordinates": [
          [
            -4.95182618,
            36.49588222,
            13.0
          ],
          [
            -4.95180862,
            36.49588707,
            12.9
          ],
          [
            -4.95179166,
            36.49589316,
            12.8
          ],
          [
            -4.95177544,
            36.49590045,
            12.7
          ],
          [
            -4.95176009,
            36.49590887,
            12.7
          ],
          [
            -4.95174572,
            36.49591835,
            12.6
          ],
          [
            -4.95173245,
            36.49592883,
            12.6
          ],
          [
            -4.95172039,
            36.49594022,
            12.6
          ],
          [
            -4.95170963,
            36.49595243,
            12.6
          ],
          [
            -4.95170025,
            36.49596536,
            12.5
          ],
          [
            -4.95169234,
            36.49597891,
            12.6
          ],
          [
            -4.95168594,
            36.49599298,
            12.5
          ],
          [
            -4.95167973,
            36.49602512,
            5.7
          ]
        ],
        "type": "LineString"
      },
      "id": "VIAL_TR290690018091",
      "properties": {
        "fecha_alta": "2025-02-06T11:00:07.294437",
        "fictitious": "false",
        "formofway_href": "http://inspire.ec.europa.eu/codelist/FormOfWayValue/roundabout",
        "functionalclass": "mainRoad",
        "numberoflanes": null,
        "surfacecategory": "paved"
      },
      "type": "Feature"
    },
    {
      "geometry": {
        "coordinates": [
          [
            -4.95167973,
            36.49602512,
            5.7
          ],
          [
            -4.95167641,
            36.49605212,
            12.3
          ],
          [
            -4.95167813,
            36.49606704,
            12.3
          ],
          [
            -4.95168149,
            36.49608178,
            12.2
          ],
          [
            -4.95168646,
            36.49609622,
            12.2
          ],
          [
            -4.95169299,
            36.49611024,
            12.3
          ],
          [
            -4.95170706,
            36.4961322,
            12.3
          ],
          [
            -4.95171747,
            36.4961446,
            12.4
          ],
          [
            -4.9517292,
            36.49615621,
            12.4
          ],
          [
            -4.95174217,
            36.49616694,
            12.5
          ],
          [
            -4.95175626,
            36.49617669,
            12.6
          ],
          [
            -4.95177137,
            36.49618539,
            12.6
          ],
          [
            -4.95178738,
            36.49619297,
            12.7
          ],
          [
            -4.95180415,
            36.49619938,
            12.7
          ],
          [
            -4.95182157,
            36.49620456,
            12.8
          ],
          [
            -4.95183949,
            36.49620846,
            12.8
          ],
          [
            -4.95186443,
            36.49621006,
            12.584
          ]
        ],
        "type": "LineString"
      },
      "id": "VIAL_TR290690018092",
      "properties": {
        "fecha_alta": "2025-02-06T11:00:07.294437",
        "fictitious": "false",
        "formofway_href": "http://inspire.ec.europa.eu/codelist/FormOfWayValue/roundabout",
        "functionalclass": "mainRoad",
        "numberoflanes": null,
        "surfacecategory": "paved"
      },
      "type": "Feature"
    },
    {
      "geometry": {
        "coordinates": [
          [
            -4.95198354,
            36.49619251,
            13.023
          ],
          [
            -4.9519995,
            36.49618485,
            13.6
          ],
          [
            -4.95201454,
            36.49617608,
            13.6
          ],
          [
            -4.95202856,
            36.49616626,
            13.7
          ],
          [
            -4.95204145,
            36.49615547,
            13.7
          ],
          [
            -4.9520531,
            36.49614381,
            13.8
          ],
          [
            -4.95206342,
            36.49613135,
            13.8
          ],
          [
            -4.95207233,
            36.49611821,
            13.9
          ],
          [
            -4.95207975,
            36.49610448,
            13.9
          ],
          [
            -4.95208564,
            36.49609027,
            14.0
          ],
          [
            -4.95208994,
            36.49607569,
            14.0
          ],
          [
            -4.95209262,
            36.49606086,
            14.0
          ]
        ],
        "type": "LineString"
      },
      "id": "VIAL_TR290690018093",
      "properties": {
        "fecha_alta": "2025-02-06T11:00:07.294437",
        "fictitious": "false",
        "formofway_href": "http://inspire.ec.europa.eu/codelist/FormOfWayValue/roundabout",
        "functionalclass": "mainRoad",
        "numberoflanes": null,
        "surfacecategory": "paved"
      },
      "type": "Feature"
    },
    {
      "geometry": {
        "coordinates": [
          [
            -4.95209262,
            36.49606086,
            14.0
          ],
          [
            -4.95209366,
            36.4960459,
            14.0
          ],
          [
            -4.95209305,
            36.49603093,
            14.0
          ],
          [
            -4.95209079,
            36.49601605,
            14.0
          ],
          [
            -4.95208691,
            36.4960014,
            13.9
          ],
          [
            -4.95208143,
            36.49598708,
            13.9
          ],
          [
            -4.9520744,
            36.49597322,
            13.8
          ],
          [
            -4.95206587,
            36.49595991,
            13.8
          ],
          [
            -4.95205591,
            36.49594726,
            13.6
          ],
          [
            -4.95204459,
            36.49593539,
            13.6
          ],
          [
            -4.95203202,
            36.49592436,
            13.5
          ],
          [
            -4.95201828,
            36.49591429,
            13.5
          ],
          [
            -4.95200349,
            36.49590524,
            13.3
          ],
          [
            -4.95198776,
            36.49589728,
            13.3
          ],
          [
            -4.95197122,
            36.49589049,
            13.2
          ],
          [
            -4.951954,
            36.49588491,
            13.2
          ],
          [
            -4.95193623,
            36.49588058,
            13.2
          ],
          [
            -4.95191806,
            36.49587755,
            13.1
          ],
          [
            -4.95189962,
            36.49587583,
            13.1
          ],
          [
            -4.95188107,
            36.49587544,
            13.1
          ]
        ],
        "type": "LineString"
      },
      "id": "VIAL_TR290690018094",
      "properties": {
        "fecha_alta": "2025-02-06T11:00:07.294437",
        "fictitious": "false",
        "formofway_href": "http://inspire.ec.europa.eu/codelist/FormOfWayValue/roundabout",
        "functionalclass": "mainRoad",
        "numberoflanes": null,
        "surfacecategory": "paved"
      },
      "type": "Feature"
    },
    {
      "geometry": {
        "coordinates": [
          [
            -4.95211507,
            36.4951209,
            12.947
          ],
          [
            -4.95264596,
            36.49514227,
            5.7
          ],
          [
            -4.95276969,
            36.49513085,
            5.7
          ],
          [
            -4.95289628,
            36.49511277,
            5.7
          ],
          [
            -4.95350733,
            36.4949408,
            18.1
          ]
        ],
        "type": "LineString"
      },
      "id": "VIAL_TR290690018643",
      "properties": {
        "fecha_alta": "2023-09-21T00:00:00",
        "fictitious": "true",
        "formofway_href": "http://inspire.ec.europa.eu/codelist/FormOfWayValue/singleCarriageway",
        "functionalclass": null,
        "numberoflanes": null,
        "surfacecategory": "paved"
      },
      "type": "Feature"
    },
    {
      "geometry": {
        "coordinates": [
          [
            -4.95229324,
            36.49863972,
            12.935
          ],
          [
            -4.9522804,
            36.49818693,
            12.747
          ],
          [
            -4.95210537,
            36.49704045,
            12.604
          ],
          [
            -4.95205626,
            36.49673807,
            12.744
          ],
          [
            -4.95198354,
            36.49619251,
            13.023
          ]
        ],
        "type": "LineString"
      },
      "id": "VIAL_TR290690019932",
      "properties": {
        "fecha_alta": "2020-12-01T00:00:00",
        "fictitious": "true",
        "formofway_href": "http://inspire.ec.europa.eu/codelist/FormOfWayValue/dualCarriageway",
        "functionalclass": null,
        "numberoflanes": null,
        "surfacecategory": "paved"
      },
      "type": "Feature"
    },
    {
      "geometry": {
        "coordinates": [
          [
            -4.95191218,
            36.49498052,
            11.5
          ],
          [
            -4.95190712,
            36.49496867,
            11.4
          ],
          [
            -4.95190078,
            36.49495723,
            11.4
          ],
          [
            -4.95189319,
            36.4949463,
            11.4
          ],
          [
            -4.95188443,
            36.49493595,
            11.4
          ],
          [
            -4.95187457,
            36.49492627,
            11.3
          ],
          [
            -4.95186367,
            36.49491735,
            11.3
          ]
        ],
        "type": "LineString"
      },
      "id": "VIAL_TR290690020076",
      "properties": {
        "fecha_alta": "2025-02-06T11:00:07.294437",
        "fictitious": "false",
        "formofway_href": "http://inspire.ec.europa.eu/codelist/FormOfWayValue/roundabout",
        "functionalclass": "mainRoad",
        "numberoflanes": null,
        "surfacecategory": "paved"
      },
      "type": "Feature"
    },
    {
      "geometry": {
        "coordinates": [
          [
            -4.95189668,
            36.49508963,
            11.7
          ],
          [
            -4.95190373,
            36.49507846,
            11.7
          ],
          [
            -4.95190951,
            36.49506683,
            11.7
          ],
          [
            -4.95191399,
            36.49505483,
            11.7
          ],
          [
            -4.95191713,
            36.49504255,
            11.7
          ],
          [
            -4.95191889,
            36.4950301,
            11.7
          ],
          [
            -4.95191928,
            36.49501757,
            11.6
          ],
          [
            -4.95191829,
            36.49500507,
            11.6
          ],
          [
            -4.95191591,
            36.49499268,
            11.5
          ],
          [
            -4.95191218,
            36.49498052,
            11.5
          ]
        ],
        "type": "LineString"
      },
      "id": "VIAL_TR290690020077",
      "properties": {
        "fecha_alta": "2025-02-06T11:00:07.294437",
        "fictitious": "false",
        "formofway_href": "http://inspire.ec.europa.eu/codelist/FormOfWayValue/roundabout",
        "functionalclass": "mainRoad",
        "numberoflanes": null,
        "surfacecategory": "paved"
      },
      "type": "Feature"
    },
    {
      "geometry": {
        "coordinates": [
          [
            -4.95175809,
            36.49516046,
            5.7
          ],
          [
            -4.95178074,
            36.49515698,
            5.7
          ],
          [
            -4.95180354,
            36.49515274,
            11.7
          ],
          [
            -4.95181792,
            36.49514802,
            11.7
          ],
          [
            -4.95183172,
            36.49514229,
            11.7
          ],
          [
            -4.95184484,
            36.49513558,
            11.7
          ],
          [
            -4.95185716,
            36.49512796,
            11.7
          ],
          [
            -4.95186859,
            36.49511949,
            11.7
          ],
          [
            -4.95187905,
            36.49511022,
            11.7
          ],
          [
            -4.95188843,
            36.49510024,
            11.7
          ],
          [
            -4.95189668,
            36.49508963,
            11.7
          ]
        ],
        "type": "LineString"
      },
      "id": "VIAL_TR290690020078",
      "properties": {
        "fecha_alta": "2025-02-06T11:00:07.294437",
        "fictitious": "false",
        "formofway_href": "http://inspire.ec.europa.eu/codelist/FormOfWayValue/roundabout",
        "functionalclass": "mainRoad",
        "numberoflanes": null,
        "surfacecategory": "paved"
      },
      "type": "Feature"
    },
    {
      "geometry": {
        "coordinates": [
          [
            -4.95160363,
            36.49510168,
            11.15
          ],
          [
            -4.95160813,
            36.49510679,
            11.2
          ],
          [
            -4.95161822,
            36.49511632,
            11.2
          ],
          [
            -4.95162932,
            36.49512508,
            11.3
          ],
          [
            -4.95164134,
            36.49513301,
            11.3
          ],
          [
            -4.95165419,
            36.49514004,
            11.4
          ],
          [
            -4.95166776,
            36.49514612,
            11.5
          ],
          [
            -4.95168195,
            36.4951512,
            11.5
          ],
          [
            -4.95169665,
            36.49515523,
            11.6
          ],
          [
            -4.95171173,
            36.4951582,
            11.6
          ],
          [
            -4.95172708,
            36.49516006,
            11.6
          ],
          [
            -4.95174257,
            36.49516082,
            11.6
          ],
          [
            -4.95175809,
            36.49516046,
            11.7
          ]
        ],
        "type": "LineString"
      },
      "id": "VIAL_TR290690020079",
      "properties": {
        "fecha_alta": "2025-02-06T11:00:07.294437",
        "fictitious": "false",
        "formofway_href": "http://inspire.ec.europa.eu/codelist/FormOfWayValue/roundabout",
        "functionalclass": "mainRoad",
        "numberoflanes": null,
        "surfacecategory": "paved"
      },
      "type": "Feature"
    },
    {
      "geometry": {
        "coordinates": [
          [
            -4.95157206,
            36.49503195,
            10.9
          ],
          [
            -4.9515727,
            36.49503819,
            10.9
          ],
          [
            -4.95157536,
            36.49505054,
            11.0
          ],
          [
            -4.95157937,
            36.49506265,
            11.0
          ],
          [
            -4.9515847,
            36.49507442,
            11.1
          ],
          [
            -4.9515913,
            36.49508576,
            11.1
          ],
          [
            -4.95159914,
            36.49509658,
            11.1
          ],
          [
            -4.95160363,
            36.49510168,
            11.15
          ]
        ],
        "type": "LineString"
      },
      "id": "VIAL_TR290690020080",
      "properties": {
        "fecha_alta": "2025-02-06T11:00:07.294437",
        "fictitious": "false",
        "formofway_href": "http://inspire.ec.europa.eu/codelist/FormOfWayValue/roundabout",
        "functionalclass": "mainRoad",
        "numberoflanes": null,
        "surfacecategory": "paved"
      },
      "type": "Feature"
    },
    {
      "geometry": {
        "coordinates": [
          [
            -4.95162538,
            36.49491872,
            10.8
          ],
          [
            -4.95161976,
            36.49492305,
            10.8
          ],
          [
            -4.95160952,
            36.49493247,
            10.8
          ],
          [
            -4.95160036,
            36.49494259,
            10.8
          ],
          [
            -4.95159236,
            36.49495332,
            10.8
          ],
          [
            -4.95158557,
            36.49496459,
            10.8
          ],
          [
            -4.95158005,
            36.49497631,
            10.9
          ],
          [
            -4.95157585,
            36.49498837,
            11.0
          ],
          [
            -4.951573,
            36.49500069,
            11.0
          ],
          [
            -4.95157152,
            36.49501317,
            11.0
          ],
          [
            -4.95157142,
            36.4950257,
            10.9
          ],
          [
            -4.95157206,
            36.49503195,
            10.9
          ]
        ],
        "type": "LineString"
      },
      "id": "VIAL_TR290690020081",
      "properties": {
        "fecha_alta": "2025-02-06T11:00:07.294437",
        "fictitious": "false",
        "formofway_href": "http://inspire.ec.europa.eu/codelist/FormOfWayValue/roundabout",
        "functionalclass": "mainRoad",
        "numberoflanes": null,
        "surfacecategory": "paved"
      },
      "type": "Feature"
    },
    {
      "geometry": {
        "coordinates": [
          [
            -4.95043043,
            36.49291419,
            5.7
          ],
          [
            -4.95053426,
            36.49311933,
            5.7
          ],
          [
            -4.95069518,
            36.4940113,
            5.886
          ],
          [
            -4.95068845,
            36.4940773,
            5.7
          ],
          [
            -4.95067134,
            36.49411293,
            5.819
          ],
          [
            -4.95006664,
            36.49470044,
            4.446
          ],
          [
            -4.95000031,
            36.49476544,
            5.7
          ],
          [
            -4.94997747,
            36.49477829,
            5.7
          ],
          [
            -4.94990323,
            36.49479256,
            5.7
          ],
          [
            -4.94977334,
            36.49480847,
            3.86
          ],
          [
            -4.94947745,
            36.49484325,
            5.361
          ],
          [
            -4.94942466,
            36.49485689,
            5.597
          ],
          [
            -4.94940211,
            36.49486966,
            5.7
          ],
          [
            -4.94935911,
            36.49492151,
            5.7
          ],
          [
            -4.94933501,
            36.49496103,
            5.7
          ],
          [
            -4.94933584,
            36.49503462,
            3.2
          ]
        ],
        "type": "LineString"
      },
      "id": "VIAL_TR290690026060",
      "properties": {
        "fecha_alta": "2023-09-21T00:00:00",
        "fictitious": "true",
        "formofway_href": "http://inspire.ec.europa.eu/codelist/FormOfWayValue/singleCarriageway",
        "functionalclass": null,
        "numberoflanes": null,
        "surfacecategory": "paved"
      },
      "type": "Feature"
    },
    {
      "geometry": {
        "coordinates": [
          [
            -4.95535,
            36.499813,
            34.9
          ],
          [
            -4.95512431,
            36.50003326,
            69.1
          ],
          [
            -4.95486733,
            36.50015699,
            69.1
          ],
          [
            -4.95461606,
            36.500216,
            69.1
          ],
          [
            -4.95400501,
            36.50031308,
            69.1
          ],
          [
            -4.95375374,
            36.50034925,
            69.1
          ],
          [
            -4.95320361,
            36.50033022,
            69.1
          ]
        ],
        "type": "LineString"
      },
      "id": "VIAL_TR290690031454",
      "properties": {
        "fecha_alta": "2023-09-21T00:00:00",
        "fictitious": "true",
        "formofway_href": "http://inspire.ec.europa.eu/codelist/FormOfWayValue/singleCarriageway",
        "functionalclass": null,
        "numberoflanes": null,
        "surfacecategory": "paved"
      },
      "type": "Feature"
    },
    {
      "geometry": {
        "coordinates": [
          [
            -4.95320361,
            36.50033022,
            69.1
          ],
          [
            -4.95306465,
            36.5003207,
            69.1
          ],
          [
            -4.95222569,
            36.50026787,
            69.1
          ]
        ],
        "type": "LineString"
      },
      "id": "VIAL_TR290690035915",
      "properties": {
        "fecha_alta": "2023-09-21T00:00:00",
        "fictitious": "true",
        "formofway_href": "http://inspire.ec.europa.eu/codelist/FormOfWayValue/singleCarriageway",
        "functionalclass": null,
        "numberoflanes": null,
        "surfacecategory": "paved"
      },
      "type": "Feature"
    },
    {
      "geometry": {
        "coordinates": [
          [
            -4.95198354,
            36.49619251,
            5.7
          ],
          [
            -4.95243276,
            36.4960893,
            5.7
          ]
        ],
        "type": "LineString"
      },
      "id": "VIAL_TR290690037460",
      "properties": {
        "fecha_alta": "2025-02-06T11:00:07.294437",
        "fictitious": "false",
        "formofway_href": "http://inspire.ec.europa.eu/codelist/FormOfWayValue/slipRoad",
        "functionalclass": "mainRoad",
        "numberoflanes": null,
        "surfacecategory": "paved"
      },
      "type": "Feature"
    },
    {
      "geometry": {
        "coordinates": [
          [
            -4.95239198,
            36.50171331,
            69.1
          ],
          [
            -4.952548,
            36.501727,
            13.1
          ],
          [
            -4.952853,
            36.501716,
            15.9
          ],
          [
            -4.952978,
            36.501718,
            17.4
          ],
          [
            -4.953123,
            36.501732,
            18.9
          ],
          [
            -4.953321,
            36.501752,
            20.0
          ],
          [
            -4.953451,
            36.501768,
            20.2
          ],
          [
            -4.953586,
            36.501782,
            20.3
          ],
          [
            -4.953674,
            36.501779,
            20.1
          ],
          [
            -4.953789,
            36.501748,
            20.6
          ],
          [
            -4.954174,
            36.501627,
            24.3
          ],
          [
            -4.954692,
            36.50147,
            30.6
          ],
          [
            -4.955033,
            36.501365,
            34.8
          ],
          [
            -4.955537,
            36.501214,
            40.5
          ],
          [
            -4.955941,
            36.501087,
            45.3
          ],
          [
            -4.956479,
            36.50093,
            50.6
          ],
          [
            -4.956547,
            36.500921,
            51.0
          ],
          [
            -4.956584,
            36.500923,
            51.2
          ],
          [
            -4.956647,
            36.500943,
            51.5
          ],
          [
            -4.956703,
            36.500976,
            51.7
          ],
          [
            -4.956756,
            36.501034,
            52.0
          ],
          [
            -4.956785,
            36.501077,
            52.1
          ],
          [
            -4.95682,
            36.501182,
            52.4
          ],
          [
            -4.956854,
            36.501306,
            52.7
          ],
          [
            -4.956872,
            36.501411,
            52.9
          ],
          [
            -4.956911,
            36.50154,
            52.7
          ]
        ],
        "type": "LineString"
      },
      "id": "VIAL_TR290690042322",
      "properties": {
        "fecha_alta": "2023-09-21T00:00:00",
        "fictitious": "true",
        "formofway_href": "http://inspire.ec.europa.eu/codelist/FormOfWayValue/singleCarriageway",
        "functionalclass": null,
        "numberoflanes": null,
        "surfacecategory": "paved"
      },
      "type": "Feature"
    },
    {
      "geometry": {
        "coordinates": [
          [
            -4.95186367,
            36.49491735,
            5.7
          ],
          [
            -4.95183714,
            36.4949,
            5.7
          ],
          [
            -4.9518093,
            36.49488858,
            5.7
          ],
          [
            -4.95177438,
            36.49488195,
            11.3
          ],
          [
            -4.95176673,
            36.4948809,
            11.3
          ],
          [
            -4.95175126,
            36.49487992,
            11.3
          ],
          [
            -4.95171392,
            36.49488214,
            11.2
          ],
          [
            -4.9516988,
            36.49488495,
            11.1
          ],
          [
            -4.95168404,
            36.49488883,
            11.1
          ],
          [
            -4.95166977,
            36.49489376,
            11.0
          ],
          [
            -4.9516561,
            36.4948997,
            11.0
          ],
          [
            -4.95164314,
            36.4949066,
            10.9
          ],
          [
            -4.95163099,
            36.4949144,
            10.8
          ],
          [
            -4.95162538,
            36.49491872,
            10.8
          ]
        ],
        "type": "LineString"
      },
      "id": "VIAL_TR290690049471",
      "properties": {
        "fecha_alta": "2025-02-06T11:00:07.294437",
        "fictitious": "false",
        "formofway_href": "http://inspire.ec.europa.eu/codelist/FormOfWayValue/roundabout",
        "functionalclass": "mainRoad",
        "numberoflanes": null,
        "surfacecategory": "paved"
      },
      "type": "Feature"
    },
    {
      "geometry": {
        "coordinates": [
          [
            -4.95187084,
            36.49578014,
            5.7
          ],
          [
            -4.95184637,
            36.49525743,
            11.7
          ]
        ],
        "type": "LineString"
      },
      "id": "VIAL_TR290690060296",
      "properties": {
        "fecha_alta": "2025-02-06T11:00:07.294437",
        "fictitious": "false",
        "formofway_href": "http://inspire.ec.europa.eu/codelist/FormOfWayValue/slipRoad",
        "functionalclass": "mainRoad",
        "numberoflanes": 2,
        "surfacecategory": "paved"
      },
      "type": "Feature"
    },
    {
      "geometry": {
        "coordinates": [
          [
            -4.94780266,
            36.4935028,
            5.7
          ],
          [
            -4.945955,
            36.493896,
            2.9
          ]
        ],
        "type": "LineString"
      },
      "id": "VIAL_TR290690065099",
      "properties": {
        "fecha_alta": "2023-09-21T00:00:00",
        "fictitious": "true",
        "formofway_href": "http://inspire.ec.europa.eu/codelist/FormOfWayValue/singleCarriageway",
        "functionalclass": null,
        "numberoflanes": null,
        "surfacecategory": "paved"
      },
      "type": "Feature"
    },
    {
      "geometry": {
        "coordinates": [
          [
            -4.95020991,
            36.49536265,
            5.9
          ],
          [
            -4.95012739,
            36.49539874,
            6.075
          ],
          [
            -4.94961963,
            36.49590655,
            8.6
          ],
          [
            -4.94932807,
            36.4962166,
            9.6
          ],
          [
            -4.94929334,
            36.49629772,
            9.4
          ]
        ],
        "type": "LineString"
      },
      "id": "VIAL_TR290690067488",
      "properties": {
        "fecha_alta": "2023-09-21T00:00:00",
        "fictitious": "true",
        "formofway_href": "http://inspire.ec.europa.eu/codelist/FormOfWayValue/singleCarriageway",
        "functionalclass": null,
        "numberoflanes": null,
        "surfacecategory": "paved"
      },
      "type": "Feature"
    },
    {
      "geometry": {
        "coordinates": [
          [
            -4.95243276,
            36.4960893,
            5.7
          ],
          [
            -4.95209262,
            36.49606086,
            13.6
          ]
        ],
        "type": "LineString"
      },
      "id": "VIAL_TR290690068262",
      "properties": {
        "fecha_alta": "2025-02-06T11:00:07.294437",
        "fictitious": "false",
        "formofway_href": "http://inspire.ec.europa.eu/codelist/FormOfWayValue/slipRoad",
        "functionalclass": "mainRoad",
        "numberoflanes": null,
        "surfacecategory": "paved"
      },
      "type": "Feature"
    },
    {
      "geometry": {
        "coordinates": [
          [
            -4.95243276,
            36.4960893,
            5.7
          ],
          [
            -4.95307997,
            36.49606278,
            5.7
          ]
        ],
        "type": "LineString"
      },
      "id": "VIAL_TR290690068263",
      "properties": {
        "fecha_alta": "2023-09-21T00:00:00",
        "fictitious": "true",
        "formofway_href": "http://inspire.ec.europa.eu/codelist/FormOfWayValue/singleCarriageway",
        "functionalclass": null,
        "numberoflanes": null,
        "surfacecategory": "paved"
      },
      "type": "Feature"
    },
    {
      "geometry": {
        "coordinates": [
          [
            -4.95188107,
            36.49587544,
            5.7
          ],
          [
            -4.95187084,
            36.49578014,
            5.7
          ]
        ],
        "type": "LineString"
      },
      "id": "VIAL_TR290690069769",
      "properties": {
        "fecha_alta": "2025-02-06T11:00:07.294437",
        "fictitious": "false",
        "formofway_href": "http://inspire.ec.europa.eu/codelist/FormOfWayValue/slipRoad",
        "functionalclass": "mainRoad",
        "numberoflanes": null,
        "surfacecategory": "paved"
      },
      "type": "Feature"
    },
    {
      "geometry": {
        "coordinates": [
          [
            -4.95330511,
            36.4960563,
            19.961
          ],
          [
            -4.95330104,
            36.49596238,
            20.033
          ],
          [
            -4.95329765,
            36.49577945,
            5.7
          ],
          [
            -4.95328337,
            36.49573305,
            5.7
          ],
          [
            -4.9532591,
            36.49571377,
            5.7
          ],
          [
            -4.95321984,
            36.49569521,
            5.7
          ],
          [
            -4.95316139,
            36.49568324,
            16.9
          ],
          [
            -4.95225189,
            36.49571352,
            13.996
          ],
          [
            -4.95218049,
            36.4957152,
            5.7
          ],
          [
            -4.95215836,
            36.49570378,
            5.7
          ],
          [
            -4.95214694,
            36.49569307,
            5.7
          ],
          [
            -4.95213838,
            36.49566951,
            5.7
          ],
          [
            -4.9521241,
            36.49556744,
            5.7
          ],
          [
            -4.95212259,
            36.49532021,
            5.7
          ],
          [
            -4.95211507,
            36.4951209,
            5.7
          ]
        ],
        "type": "LineString"
      },
      "id": "VIAL_TR290690069770",
      "properties": {
        "fecha_alta": "2023-09-21T00:00:00",
        "fictitious": "true",
        "formofway_href": "http://inspire.ec.europa.eu/codelist/FormOfWayValue/singleCarriageway",
        "functionalclass": null,
        "numberoflanes": null,
        "surfacecategory": "paved"
      },
      "type": "Feature"
    },
    {
      "geometry": {
        "coordinates": [
          [
            -4.94933584,
            36.49503462,
            3.2
          ],
          [
            -4.94804394,
            36.49512162,
            2.5
          ]
        ],
        "type": "LineString"
      },
      "id": "VIAL_TR290690072591",
      "properties": {
        "fecha_alta": "2023-09-21T00:00:00",
        "fictitious": "true",
        "formofway_href": "http://inspire.ec.europa.eu/codelist/FormOfWayValue/singleCarriageway",
        "functionalclass": null,
        "numberoflanes": null,
        "surfacecategory": "paved"
      },
      "type": "Feature"
    },
    {
      "geometry": {
        "coordinates": [
          [
            -4.94804394,
            36.49512162,
            2.5
          ],
          [
            -4.94780266,
            36.4935028,
            5.7
          ]
        ],
        "type": "LineString"
      },
      "id": "VIAL_TR290690072592",
      "properties": {
        "fecha_alta": "2023-09-21T00:00:00",
        "fictitious": "true",
        "formofway_href": "http://inspire.ec.europa.eu/codelist/FormOfWayValue/singleCarriageway",
        "functionalclass": null,
        "numberoflanes": 1,
        "surfacecategory": "paved"
      },
      "type": "Feature"
    },
    {
      "geometry": {
        "coordinates": [
          [
            -4.952496,
            36.498954,
            13.8
          ],
          [
            -4.952792,
            36.49891,
            14.4
          ],
          [
            -4.953869,
            36.498684,
            18.3
          ],
          [
            -4.95405,
            36.498643,
            19.9
          ],
          [
            -4.954347,
            36.498567,
            22.4
          ],
          [
            -4.954646,
            36.498462,
            25.9
          ],
          [
            -4.955033,
            36.498326,
            31.4
          ],
          [
            -4.955121,
            36.498313,
            32.5
          ],
          [
            -4.955174,
            36.498321,
            32.6
          ],
          [
            -4.955232,
            36.498354,
            32.8
          ],
          [
            -4.955312,
            36.498448,
            32.2
          ],
          [
            -4.955468,
            36.498698,
            32.1
          ],
          [
            -4.955655,
            36.498966,
            34.4
          ],
          [
            -4.955809,
            36.499147,
            37.4
          ],
          [
            -4.955924,
            36.499225,
            38.5
          ]
        ],
        "type": "LineString"
      },
      "id": "VIAL_TR290690075072",
      "properties": {
        "fecha_alta": "2017-03-17T00:00:00",
        "fictitious": "true",
        "formofway_href": "http://inspire.ec.europa.eu/codelist/FormOfWayValue/singleCarriageway",
        "functionalclass": null,
        "numberoflanes": null,
        "surfacecategory": "paved"
      },
      "type": "Feature"
    },
    {
      "geometry": {
        "coordinates": [
          [
            -4.95181681,
            36.49463556,
            5.7
          ],
          [
            -4.95183884,
            36.49434609,
            9.2
          ],
          [
            -4.9518554,
            36.49381478,
            4.2
          ],
          [
            -4.95185386,
            36.4935765,
            4.645
          ]
        ],
        "type": "LineString"
      },
      "id": "VIAL_TR290690079136",
      "properties": {
        "fecha_alta": "2025-02-06T11:00:07.294437",
        "fictitious": "false",
        "formofway_href": "http://inspire.ec.europa.eu/codelist/FormOfWayValue/slipRoad",
        "functionalclass": "mainRoad",
        "numberoflanes": null,
        "surfacecategory": "paved"
      },
      "type": "Feature"
    },
    {
      "geometry": {
        "coordinates": [
          [
            -4.94680849,
            36.49859442,
            5.7
          ],
          [
            -4.9468121,
            36.49860517,
            5.7
          ],
          [
            -4.94682794,
            36.49865809,
            5.6
          ],
          [
            -4.94683827,
            36.49871381,
            5.6
          ],
          [
            -4.94684547,
            36.49877859,
            5.5
          ],
          [
            -4.94685002,
            36.49882629,
            5.4
          ],
          [
            -4.94685237,
            36.49887583,
            5.4
          ],
          [
            -4.94685471,
            36.49892446,
            5.4
          ],
          [
            -4.94685584,
            36.49896951,
            5.3
          ],
          [
            -4.94685724,
            36.49902537,
            5.3
          ],
          [
            -4.94685308,
            36.49908223,
            5.2
          ],
          [
            -4.94696584,
            36.5,
            4.0
          ],
          [
            -4.94702842,
            36.50046657,
            4.0
          ],
          [
            -4.94702704,
            36.50050084,
            4.1
          ]
        ],
        "type": "LineString"
      },
      "id": "VIAL_TR290690093902",
      "properties": {
        "fecha_alta": "2023-09-21T00:00:00",
        "fictitious": "true",
        "formofway_href": "http://inspire.ec.europa.eu/codelist/FormOfWayValue/singleCarriageway",
        "functionalclass": null,
        "numberoflanes": null,
        "surfacecategory": "paved"
      },
      "type": "Feature"
    },
    {
      "geometry": {
        "coordinates": [
          [
            -4.94702704,
            36.50050084,
            4.1
          ],
          [
            -4.94701757,
            36.500702,
            4.1
          ],
          [
            -4.94701726,
            36.50095709,
            4.0
          ],
          [
            -4.94694333,
            36.50117012,
            4.0
          ],
          [
            -4.9469648,
            36.50158169,
            4.3
          ],
          [
            -4.94697165,
            36.50172129,
            4.4
          ],
          [
            -4.94697961,
            36.50186087,
            4.5
          ],
          [
            -4.9469898,
            36.50200042,
            4.6
          ],
          [
            -4.947,
            36.50213996,
            4.8
          ],
          [
            -4.94701131,
            36.50227949,
            5.0
          ],
          [
            -4.94702485,
            36.50241898,
            5.2
          ],
          [
            -4.94703839,
            36.50255847,
            5.4
          ],
          [
            -4.94705416,
            36.50269793,
            5.6
          ],
          [
            -4.94707106,
            36.50283736,
            5.9
          ],
          [
            -4.94708904,
            36.50297588,
            6.1
          ],
          [
            -4.94710816,
            36.50311528,
            6.4
          ],
          [
            -4.94710273,
            36.50316584,
            6.8
          ],
          [
            -4.94707582,
            36.50320594,
            7.2
          ],
          [
            -4.94704833,
            36.50322262,
            8.4
          ],
          [
            -4.94686575,
            36.50324362,
            10.0
          ],
          [
            -4.94669908,
            36.50323102,
            11.9
          ],
          [
            -4.94663881,
            36.50323201,
            12.8
          ],
          [
            -4.94657975,
            36.50323657,
            13.7
          ],
          [
            -4.94652083,
            36.50324655,
            14.6
          ],
          [
            -4.94646309,
            36.50325921,
            15.4
          ],
          [
            -4.9464066,
            36.50327726,
            16.2
          ],
          [
            -4.94635241,
            36.50329797,
            17.0
          ],
          [
            -4.94630166,
            36.50332224,
            17.7
          ],
          [
            -4.94625214,
            36.50335099,
            18.3
          ],
          [
            -4.94620715,
            36.50338237,
            18.9
          ],
          [
            -4.94616446,
            36.50341641,
            19.5
          ],
          [
            -4.94612632,
            36.50345399,
            20.0
          ],
          [
            -4.94601524,
            36.50356577,
            21.0
          ]
        ],
        "type": "LineString"
      },
      "id": "VIAL_TR290690093903",
      "properties": {
        "fecha_alta": "2023-09-21T00:00:00",
        "fictitious": "true",
        "formofway_href": "http://inspire.ec.europa.eu/codelist/FormOfWayValue/singleCarriageway",
        "functionalclass": null,
        "numberoflanes": null,
        "surfacecategory": "unpaved"
      },
      "type": "Feature"
    },
    {
      "geometry": {
        "coordinates": [
          [
            -4.9536292,
            36.49199486,
            10.3
          ],
          [
            -4.9535094,
            36.4920178,
            13.3
          ],
          [
            -4.95217936,
            36.49337928,
            10.374
          ],
          [
            -4.95210069,
            36.49350957,
            10.129
          ],
          [
            -4.95208941,
            36.49364492,
            9.9
          ],
          [
            -4.95194976,
            36.49486758,
            8.961
          ],
          [
            -4.95191218,
            36.49498052,
            8.9
          ]
        ],
        "type": "LineString"
      },
      "id": "VIAL_TR290690102284",
      "properties": {
        "fecha_alta": "2017-03-17T00:00:00",
        "fictitious": "true",
        "formofway_href": null,
        "functionalclass": null,
        "numberoflanes": null,
        "surfacecategory": "unpaved"
      },
      "type": "Feature"
    },
    {
      "geometry": {
        "coordinates": [
          [
            -4.94702704,
            36.50050084,
            4.1
          ],
          [
            -4.94668224,
            36.50064167,
            2.9
          ],
          [
            -4.94660953,
            36.50068072,
            4.5
          ],
          [
            -4.94641251,
            36.50083807,
            10.0
          ],
          [
            -4.94630685,
            36.50094345,
            10.8
          ],
          [
            -4.94621979,
            36.50112244,
            13.1
          ],
          [
            -4.94596921,
            36.50141496,
            15.9
          ],
          [
            -4.94597122,
            36.50158439,
            17.6
          ],
          [
            -4.94595811,
            36.50164049,
            17.6
          ],
          [
            -4.94589651,
            36.50167755,
            17.6
          ]
        ],
        "type": "LineString"
      },
      "id": "VIAL_TR290690109523",
      "properties": {
        "fecha_alta": "2023-09-21T00:00:00",
        "fictitious": "true",
        "formofway_href": "http://inspire.ec.europa.eu/codelist/FormOfWayValue/singleCarriageway",
        "functionalclass": null,
        "numberoflanes": null,
        "surfacecategory": "paved"
      },
      "type": "Feature"
    },
    {
      "geometry": {
        "coordinates": [
          [
            -4.94589651,
            36.50167755,
            17.6
          ],
          [
            -4.94586118,
            36.50160421,
            17.2
          ],
          [
            -4.94563494,
            36.50121851,
            21.7
          ],
          [
            -4.94551416,
            36.50112133,
            24.6
          ],
          [
            -4.94547044,
            36.501159,
            24.6
          ],
          [
            -4.94542647,
            36.50132016,
            25.4
          ],
          [
            -4.94535783,
            36.50165569,
            28.4
          ],
          [
            -4.94530471,
            36.50167458,
            28.2
          ],
          [
            -4.94515187,
            36.50167888,
            28.2
          ],
          [
            -4.94504083,
            36.50166995,
            29.7
          ]
        ],
        "type": "LineString"
      },
      "id": "VIAL_TR290690109524",
      "properties": {
        "fecha_alta": "2023-09-21T00:00:00",
        "fictitious": "true",
        "formofway_href": "http://inspire.ec.europa.eu/codelist/FormOfWayValue/singleCarriageway",
        "functionalclass": null,
        "numberoflanes": null,
        "surfacecategory": "paved"
      },
      "type": "Feature"
    },
    {
      "geometry": {
        "coordinates": [
          [
            -4.94413815,
            36.49429876,
            2.282
          ],
          [
            -4.94419856,
            36.49424863,
            2.531
          ],
          [
            -4.9443576,
            36.49409661,
            2.417
          ],
          [
            -4.944527,
            36.494014,
            2.258
          ],
          [
            -4.94470716,
            36.49405325,
            0.0
          ],
          [
            -4.94484857,
            36.4941421,
            1.827
          ],
          [
            -4.944894,
            36.494221,
            1.83
          ],
          [
            -4.94497609,
            36.49421668,
            2.142
          ],
          [
            -4.945274,
            36.494119,
            0.419
          ],
          [
            -4.94587214,
            36.4938915,
            0.0
          ],
          [
            -4.945955,
            36.493896,
            2.9
          ]
        ],
        "type": "LineString"
      },
      "id": "VIAL_TR290690132159",
      "properties": {
        "fecha_alta": "2024-06-26T08:10:17.407801",
        "fictitious": "true",
        "formofway_href": "http://inspire.ec.europa.eu/codelist/FormOfWayValue/tractorRoad",
        "functionalclass": null,
        "numberoflanes": null,
        "surfacecategory": "unpaved"
      },
      "type": "Feature"
    },
    {
      "geometry": {
        "coordinates": [
          [
            -4.945955,
            36.493896,
            2.9
          ],
          [
            -4.94564492,
            36.49329361,
            0.0
          ],
          [
            -4.945661,
            36.49321,
            2.147
          ],
          [
            -4.94654609,
            36.49264565,
            0.0
          ],
          [
            -4.94747037,
            36.49199288,
            0.0
          ],
          [
            -4.94767833,
            36.49185231,
            0.0
          ],
          [
            -4.94845049,
            36.49109171,
            0.0
          ],
          [
            -4.94902046,
            36.49062764,
            0.0
          ],
          [
            -4.94951341,
            36.49035421,
            0.0
          ],
          [
            -4.949618,
            36.490332,
            3.8
          ]
        ],
        "type": "LineString"
      },
      "id": "VIAL_TR290690132160",
      "properties": {
        "fecha_alta": "2024-06-26T08:12:04.422601",
        "fictitious": "true",
        "formofway_href": "http://inspire.ec.europa.eu/codelist/FormOfWayValue/singleCarriageway",
        "functionalclass": null,
        "numberoflanes": null,
        "surfacecategory": "paved"
      },
      "type": "Feature"
    },
    {
      "geometry": {
        "coordinates": [
          [
            -4.94647311,
            36.49698625,
            6.6
          ],
          [
            -4.9465243,
            36.49705676,
            6.6
          ],
          [
            -4.94660291,
            36.49709155,
            6.7
          ],
          [
            -4.94669358,
            36.49713421,
            6.8
          ],
          [
            -4.94675395,
            36.49718736,
            6.7
          ],
          [
            -4.94675218,
            36.49724229,
            6.6
          ],
          [
            -4.94669949,
            36.49731724,
            6.6
          ],
          [
            -4.94666726,
            36.4974169,
            6.5
          ],
          [
            -4.94666029,
            36.4974851,
            6.5
          ],
          [
            -4.94664722,
            36.49755741,
            6.5
          ],
          [
            -4.94662926,
            36.49773193,
            6.4
          ],
          [
            -4.94663322,
            36.49798921,
            6.4
          ],
          [
            -4.9466345,
            36.49804025,
            6.3
          ],
          [
            -4.94664696,
            36.49809212,
            6.2
          ],
          [
            -4.94665836,
            36.49815101,
            6.2
          ],
          [
            -4.94667437,
            36.49818738,
            6.1
          ],
          [
            -4.94668682,
            36.49823856,
            6.1
          ],
          [
            -4.94670036,
            36.49828881,
            6.0
          ],
          [
            -4.94671376,
            36.49833366,
            6.0
          ],
          [
            -4.94673645,
            36.49839278,
            5.9
          ],
          [
            -4.94675899,
            36.4984456,
            5.9
          ],
          [
            -4.94677822,
            36.49850027,
            5.8
          ],
          [
            -4.94679519,
            36.49855407,
            5.8
          ],
          [
            -4.94680849,
            36.49859442,
            5.7
          ]
        ],
        "type": "LineString"
      },
      "id": "VIAL_TR290690145946",
      "properties": {
        "fecha_alta": "2023-09-21T00:00:00",
        "fictitious": "true",
        "formofway_href": "http://inspire.ec.europa.eu/codelist/FormOfWayValue/singleCarriageway",
        "functionalclass": null,
        "numberoflanes": null,
        "surfacecategory": "paved"
      },
      "type": "Feature"
    },
    {
      "geometry": {
        "coordinates": [
          [
            -4.94680849,
            36.49859442,
            5.7
          ],
          [
            -4.94674527,
            36.4985666,
            5.7
          ],
          [
            -4.94668627,
            36.49852881,
            5.7
          ],
          [
            -4.94664086,
            36.4984989,
            5.7
          ],
          [
            -4.94659204,
            36.49846635,
            5.7
          ],
          [
            -4.94654541,
            36.49843196,
            5.7
          ],
          [
            -4.94649985,
            36.49839574,
            5.7
          ],
          [
            -4.94645763,
            36.49835948,
            5.7
          ],
          [
            -4.94641649,
            36.49832139,
            5.7
          ],
          [
            -4.94631692,
            36.49822386,
            5.6
          ],
          [
            -4.94627666,
            36.49817675,
            5.5
          ],
          [
            -4.94623391,
            36.49811886,
            5.4
          ],
          [
            -4.94621053,
            36.49807688,
            5.4
          ],
          [
            -4.94618931,
            36.49803215,
            5.3
          ],
          [
            -4.94616921,
            36.49798741,
            5.3
          ],
          [
            -4.94614905,
            36.49793997,
            5.2
          ],
          [
            -4.94613116,
            36.49789429,
            5.2
          ],
          [
            -4.94611552,
            36.49784948,
            5.2
          ],
          [
            -4.94610102,
            36.49780555,
            5.1
          ],
          [
            -4.946061,
            36.49767821,
            5.0
          ],
          [
            -4.94604486,
            36.49761357,
            5.0
          ],
          [
            -4.94603322,
            36.49754977,
            5.0
          ],
          [
            -4.94602269,
            36.49748594,
            5.0
          ],
          [
            -4.94601116,
            36.49742664,
            5.1
          ],
          [
            -4.9459976,
            36.49737548,
            5.3
          ],
          [
            -4.94597723,
            36.49731993,
            5.7
          ],
          [
            -4.94595918,
            36.49726794,
            6.0
          ],
          [
            -4.94594913,
            36.49722304,
            6.2
          ],
          [
            -4.94591936,
            36.49709641,
            6.0
          ]
        ],
        "type": "LineString"
      },
      "id": "VIAL_TR290690145947",
      "properties": {
        "fecha_alta": "2023-09-21T00:00:00",
        "fictitious": "true",
        "formofway_href": "http://inspire.ec.europa.eu/codelist/FormOfWayValue/singleCarriageway",
        "functionalclass": null,
        "numberoflanes": null,
        "surfacecategory": "paved"
      },
      "type": "Feature"
    },
    {
      "geometry": {
        "coordinates": [
          [
            -4.9536292,
            36.49199486,
            10.3
          ],
          [
            -4.95363464,
            36.49198936,
            10.3
          ],
          [
            -4.95368129,
            36.49193541,
            10.0
          ],
          [
            -4.95373547,
            36.4919147,
            10.0
          ],
          [
            -4.95378122,
            36.49191395,
            10.1
          ],
          [
            -4.95384876,
            36.49193628,
            10.5
          ],
          [
            -4.95389967,
            36.49196338,
            10.9
          ],
          [
            -4.95395492,
            36.49198501,
            11.2
          ],
          [
            -4.9540161,
            36.49202097,
            11.7
          ],
          [
            -4.95407471,
            36.49204344,
            12.1
          ],
          [
            -4.95413558,
            36.49206678,
            12.4
          ],
          [
            -4.95420096,
            36.49209185,
            12.8
          ],
          [
            -4.95424955,
            36.49211539,
            13.2
          ],
          [
            -4.9543027,
            36.49214246,
            13.6
          ],
          [
            -4.95435701,
            36.49217132,
            14.0
          ],
          [
            -4.95441469,
            36.49220102,
            14.4
          ],
          [
            -4.95447567,
            36.49222886,
            14.7
          ],
          [
            -4.95453553,
            36.49225673,
            14.9
          ],
          [
            -4.95459317,
            36.49228463,
            15.1
          ],
          [
            -4.95464855,
            36.49231166,
            15.4
          ],
          [
            -4.95470063,
            36.49234055,
            15.6
          ],
          [
            -4.95475049,
            36.49237038,
            15.8
          ],
          [
            -4.95479699,
            36.49239936,
            16.0
          ],
          [
            -4.95485369,
            36.49243449,
            16.2
          ],
          [
            -4.95490358,
            36.49246522,
            16.3
          ],
          [
            -4.9549489,
            36.49249152,
            16.4
          ],
          [
            -4.95499669,
            36.49252769,
            16.5
          ],
          [
            -4.95503358,
            36.49257396,
            16.7
          ],
          [
            -4.95506484,
            36.49261851,
            17.0
          ],
          [
            -4.95509963,
            36.49267022,
            17.2
          ],
          [
            -4.95513337,
            36.49272465,
            17.5
          ],
          [
            -4.955166,
            36.4927791,
            17.9
          ],
          [
            -4.95519867,
            36.49283535,
            17.8
          ],
          [
            -4.95522904,
            36.49288893,
            17.9
          ],
          [
            -4.95526153,
            36.49293798,
            18.1
          ],
          [
            -4.95529512,
            36.4929861,
            18.2
          ],
          [
            -4.95532877,
            36.49303693,
            18.3
          ],
          [
            -4.9553613,
            36.49308777,
            18.5
          ],
          [
            -4.95539275,
            36.49313953,
            18.6
          ],
          [
            -4.95542182,
            36.49318593,
            18.8
          ],
          [
            -4.9554654,
            36.49323208,
            18.8
          ],
          [
            -4.95551974,
            36.49326184,
            18.6
          ],
          [
            -4.95558149,
            36.49327615,
            18.5
          ],
          [
            -4.95565305,
            36.49328039,
            18.4
          ],
          [
            -4.95570893,
            36.49328308,
            18.3
          ],
          [
            -4.95593144,
            36.49335227,
            20.5
          ],
          [
            -4.95597337,
            36.49354168,
            22.3
          ],
          [
            -4.95591092,
            36.49368611,
            23.8
          ],
          [
            -4.95560283,
            36.49391795,
            27.6
          ],
          [
            -4.95533097,
            36.49411251,
            29.1
          ],
          [
            -4.95519841,
            36.49426143,
            29.7
          ],
          [
            -4.95513403,
            36.49432919,
            29.3
          ],
          [
            -4.95498132,
            36.49449844,
            29.4
          ],
          [
            -4.95477387,
            36.4946336,
            25.646
          ],
          [
            -4.95461021,
            36.49468325,
            26.9
          ],
          [
            -4.95420163,
            36.49477916,
            21.5
          ],
          [
            -4.95370087,
            36.49490035,
            18.4
          ],
          [
            -4.95355464,
            36.49493883,
            17.919
          ],
          [
            -4.95350733,
            36.4949408,
            18.2
          ]
        ],
        "type": "LineString"
      },
      "id": "VIAL_TR290690155290",
      "properties": {
        "fecha_alta": "2023-09-21T00:00:00",
        "fictitious": "true",
        "formofway_href": "http://inspire.ec.europa.eu/codelist/FormOfWayValue/singleCarriageway",
        "functionalclass": null,
        "numberoflanes": null,
        "surfacecategory": "unpaved"
      },
      "type": "Feature"
    },
    {
      "geometry": {
        "coordinates": [
          [
            -4.947784,
            36.49772028,
            8.273
          ],
          [
            -4.94772569,
            36.49783627,
            8.343
          ],
          [
            -4.94771444,
            36.49785866,
            8.357
          ],
          [
            -4.94766455,
            36.49795789,
            8.417
          ],
          [
            -4.94760181,
            36.49812872,
            8.517
          ],
          [
            -4.94742897,
            36.49859929,
            8.792
          ],
          [
            -4.9474024,
            36.49867163,
            8.834
          ],
          [
            -4.9472858,
            36.49915691,
            9.112
          ],
          [
            -4.94727365,
            36.49922077,
            9.148
          ]
        ],
        "type": "LineString"
      },
      "id": "VIAL_TR290690182832",
      "properties": {
        "fecha_alta": "2023-12-12T10:57:32.501523",
        "fictitious": "true",
        "formofway_href": "http://inspire.ec.europa.eu/codelist/FormOfWayValue/freeway",
        "functionalclass": "mainRoad",
        "numberoflanes": 2,
        "surfacecategory": "paved"
      },
      "type": "Feature"
    },
    {
      "geometry": {
        "coordinates": [
          [
            -4.94742936,
            36.4993618,
            9.927
          ],
          [
            -4.94743971,
            36.49929344,
            9.855
          ],
          [
            -4.94752832,
            36.49892684,
            9.466
          ],
          [
            -4.94755933,
            36.49879852,
            9.33
          ],
          [
            -4.94769449,
            36.49837152,
            8.871
          ],
          [
            -4.9478007,
            36.49810629,
            8.581
          ],
          [
            -4.94784481,
            36.49799611,
            8.46
          ]
        ],
        "type": "LineString"
      },
      "id": "VIAL_TR290690182854",
      "properties": {
        "fecha_alta": "2023-12-12T10:57:32.501523",
        "fictitious": "true",
        "formofway_href": "http://inspire.ec.europa.eu/codelist/FormOfWayValue/freeway",
        "functionalclass": "mainRoad",
        "numberoflanes": 2,
        "surfacecategory": "paved"
      },
      "type": "Feature"
    },
    {
      "geometry": {
        "coordinates": [
          [
            -4.95024676,
            36.4947573,
            6.019
          ],
          [
            -4.95012248,
            36.49488,
            5.905
          ],
          [
            -4.95012105,
            36.4948814,
            5.903
          ],
          [
            -4.95011963,
            36.49488281,
            5.902
          ],
          [
            -4.94992586,
            36.4950741,
            5.724
          ]
        ],
        "type": "LineString"
      },
      "id": "VIAL_TR290690183638",
      "properties": {
        "fecha_alta": "2023-12-12T10:57:32.501523",
        "fictitious": "true",
        "formofway_href": "http://inspire.ec.europa.eu/codelist/FormOfWayValue/freeway",
        "functionalclass": "mainRoad",
        "numberoflanes": 2,
        "surfacecategory": "paved"
      },
      "type": "Feature"
    },
    {
      "geometry": {
        "coordinates": [
          [
            -4.95095921,
            36.4940596,
            6.925
          ],
          [
            -4.95077591,
            36.49424436,
            6.5
          ],
          [
            -4.95026189,
            36.49474237,
            6.033
          ],
          [
            -4.95024676,
            36.4947573,
            6.019
          ]
        ],
        "type": "LineString"
      },
      "id": "VIAL_TR290690183639",
      "properties": {
        "fecha_alta": "2023-12-12T10:57:32.501523",
        "fictitious": "true",
        "formofway_href": "http://inspire.ec.europa.eu/codelist/FormOfWayValue/freeway",
        "functionalclass": "mainRoad",
        "numberoflanes": 2,
        "surfacecategory": "paved"
      },
      "type": "Feature"
    },
    {
      "geometry": {
        "coordinates": [
          [
            -4.95095921,
            36.4940596,
            6.925
          ],
          [
            -4.95120729,
            36.49380954,
            7.5
          ],
          [
            -4.95126518,
            36.4937532,
            7.717
          ],
          [
            -4.95126747,
            36.49375097,
            7.725
          ],
          [
            -4.95168799,
            36.4933417,
            9.3
          ],
          [
            -4.95184909,
            36.4931849,
            9.903
          ],
          [
            -4.9518502,
            36.49318382,
            9.908
          ],
          [
            -4.95185131,
            36.49318274,
            9.912
          ],
          [
            -4.95185242,
            36.49318166,
            9.916
          ],
          [
            -4.95185353,
            36.49318058,
            9.92
          ],
          [
            -4.95216868,
            36.49287385,
            11.1
          ],
          [
            -4.95275365,
            36.49232893,
            12.5
          ],
          [
            -4.95314042,
            36.49196657,
            12.8
          ],
          [
            -4.95317692,
            36.49193228,
            12.783
          ]
        ],
        "type": "LineString"
      },
      "id": "VIAL_TR290690183640",
      "properties": {
        "fecha_alta": "2023-12-12T10:57:32.501523",
        "fictitious": "true",
        "formofway_href": "http://inspire.ec.europa.eu/codelist/FormOfWayValue/freeway",
        "functionalclass": "mainRoad",
        "numberoflanes": 2,
        "surfacecategory": "paved"
      },
      "type": "Feature"
    },
    {
      "geometry": {
        "coordinates": [
          [
            -4.94955996,
            36.49543531,
            5.387
          ],
          [
            -4.94924739,
            36.49574388,
            5.1
          ],
          [
            -4.94873631,
            36.49628498,
            5.5
          ],
          [
            -4.94863037,
            36.49642444,
            5.857
          ],
          [
            -4.94851726,
            36.49656707,
            6.227
          ],
          [
            -4.94851607,
            36.49656858,
            6.23
          ],
          [
            -4.94851521,
            36.49656966,
            6.233
          ],
          [
            -4.94851382,
            36.4965714,
            6.238
          ],
          [
            -4.94835268,
            36.49677461,
            6.765
          ],
          [
            -4.948011,
            36.49726876,
            8.0
          ],
          [
            -4.947784,
            36.49772028,
            8.273
          ]
        ],
        "type": "LineString"
      },
      "id": "VIAL_TR290690187457",
      "properties": {
        "fecha_alta": "2023-12-12T10:57:32.501523",
        "fictitious": "true",
        "formofway_href": "http://inspire.ec.europa.eu/codelist/FormOfWayValue/freeway",
        "functionalclass": "mainRoad",
        "numberoflanes": 2,
        "surfacecategory": "paved"
      },
      "type": "Feature"
    },
    {
      "geometry": {
        "coordinates": [
          [
            -4.94992586,
            36.4950741,
            5.724
          ],
          [
            -4.94955996,
            36.49543531,
            5.387
          ]
        ],
        "type": "LineString"
      },
      "id": "VIAL_TR290690187458",
      "properties": {
        "fecha_alta": "2023-12-12T10:57:32.501523",
        "fictitious": "true",
        "formofway_href": "http://inspire.ec.europa.eu/codelist/FormOfWayValue/freeway",
        "functionalclass": "mainRoad",
        "numberoflanes": 2,
        "surfacecategory": "paved"
      },
      "type": "Feature"
    },
    {
      "geometry": {
        "coordinates": [
          [
            -4.94784481,
            36.49799611,
            8.46
          ],
          [
            -4.94789112,
            36.49788045,
            8.334
          ],
          [
            -4.94814337,
            36.49741002,
            7.8
          ]
        ],
        "type": "LineString"
      },
      "id": "VIAL_TR290690187594",
      "properties": {
        "fecha_alta": "2023-12-12T10:57:32.501523",
        "fictitious": "true",
        "formofway_href": "http://inspire.ec.europa.eu/codelist/FormOfWayValue/freeway",
        "functionalclass": "mainRoad",
        "numberoflanes": 2,
        "surfacecategory": "paved"
      },
      "type": "Feature"
    },
    {
      "geometry": {
        "coordinates": [
          [
            -4.94814337,
            36.49741002,
            7.8
          ],
          [
            -4.94838936,
            36.49701962,
            7.1
          ],
          [
            -4.94866148,
            36.49662751,
            6.774
          ],
          [
            -4.94874746,
            36.496528,
            6.561
          ],
          [
            -4.94874841,
            36.4965269,
            6.559
          ],
          [
            -4.94874935,
            36.49652581,
            6.557
          ],
          [
            -4.94883508,
            36.49642659,
            6.345
          ],
          [
            -4.94889251,
            36.49636013,
            6.203
          ],
          [
            -4.94976186,
            36.49548833,
            5.2
          ],
          [
            -4.95012012,
            36.49513545,
            5.744
          ]
        ],
        "type": "LineString"
      },
      "id": "VIAL_TR290690187595",
      "properties": {
        "fecha_alta": "2023-12-12T10:57:32.501523",
        "fictitious": "true",
        "formofway_href": "http://inspire.ec.europa.eu/codelist/FormOfWayValue/freeway",
        "functionalclass": "mainRoad",
        "numberoflanes": 2,
        "surfacecategory": "paved"
      },
      "type": "Feature"
    },
    {
      "geometry": {
        "coordinates": [
          [
            -4.94742936,
            36.4993618,
            9.927
          ],
          [
            -4.94739369,
            36.49959729,
            10.174
          ],
          [
            -4.94734665,
            36.5,
            10.594
          ],
          [
            -4.94734664,
            36.50000131,
            10.595
          ],
          [
            -4.94734046,
            36.50052763,
            7.2
          ],
          [
            -4.94733765,
            36.50059943,
            7.2
          ],
          [
            -4.94733306,
            36.50077256,
            7.1
          ],
          [
            -4.94733295,
            36.50094653,
            7.0
          ],
          [
            -4.9473577,
            36.50148875,
            6.3
          ],
          [
            -4.94737508,
            36.50187064,
            5.7
          ],
          [
            -4.94742876,
            36.50258725,
            5.7
          ],
          [
            -4.94754697,
            36.50360657,
            5.7
          ],
          [
            -4.94756548,
            36.50372164,
            5.7
          ],
          [
            -4.94767352,
            36.50437967,
            5.7
          ],
          [
            -4.94776145,
            36.50490073,
            6.818
          ],
          [
            -4.94776167,
            36.50490203,
            6.82
          ],
          [
            -4.94779153,
            36.50507901,
            7.2
          ],
          [
            -4.94797467,
            36.50588184,
            8.3
          ],
          [
            -4.94822576,
            36.50685662,
            9.6
          ],
          [
            -4.94844332,
            36.50783014,
            10.0
          ],
          [
            -4.94847111,
            36.50795858,
            10.0
          ],
          [
            -4.94849557,
            36.50808798,
            10.0
          ],
          [
            -4.94851447,
            36.50821837,
            10.0
          ],
          [
            -4.94853,
            36.50834791,
            10.0
          ],
          [
            -4.94854109,
            36.50847843,
            10.0
          ],
          [
            -4.94854883,
            36.508609,
            10.0
          ],
          [
            -4.94855099,
            36.50873966,
            10.0
          ],
          [
            -4.9485498,
            36.50887038,
            10.0
          ],
          [
            -4.94854414,
            36.50900117,
            10.0
          ],
          [
            -4.94853514,
            36.50913201,
            10.0
          ],
          [
            -4.94853158,
            36.50916636,
            10.0
          ]
        ],
        "type": "LineString"
      },
      "id": "VIAL_TR290690189241",
      "properties": {
        "fecha_alta": "2023-12-12T10:57:32.501523",
        "fictitious": "true",
        "formofway_href": "http://inspire.ec.europa.eu/codelist/FormOfWayValue/freeway",
        "functionalclass": "mainRoad",
        "numberoflanes": 2,
        "surfacecategory": "paved"
      },
      "type": "Feature"
    },
    {
      "geometry": {
        "coordinates": [
          [
            -4.95172701,
            36.4935739,
            8.826
          ],
          [
            -4.95143811,
            36.49385982,
            7.726
          ],
          [
            -4.95143593,
            36.49386198,
            7.718
          ],
          [
            -4.95140495,
            36.49389264,
            7.6
          ],
          [
            -4.95093278,
            36.49433498,
            6.979
          ],
          [
            -4.95028911,
            36.49496899,
            6.001
          ],
          [
            -4.95028769,
            36.49497039,
            5.999
          ],
          [
            -4.95028627,
            36.49497179,
            5.997
          ],
          [
            -4.95012012,
            36.49513545,
            5.744
          ]
        ],
        "type": "LineString"
      },
      "id": "VIAL_TR290690190059",
      "properties": {
        "fecha_alta": "2023-12-12T10:57:32.501523",
        "fictitious": "true",
        "formofway_href": "http://inspire.ec.europa.eu/codelist/FormOfWayValue/freeway",
        "functionalclass": "mainRoad",
        "numberoflanes": 2,
        "surfacecategory": "paved"
      },
      "type": "Feature"
    },
    {
      "geometry": {
        "coordinates": [
          [
            -4.94121968,
            36.51432801,
            48.057
          ],
          [
            -4.94149277,
            36.51419763,
            37.7
          ],
          [
            -4.94166579,
            36.51412856,
            37.7
          ],
          [
            -4.94260736,
            36.51369584,
            35.683
          ],
          [
            -4.94261078,
            36.51369427,
            35.676
          ],
          [
            -4.94292651,
            36.51354917,
            35.0
          ],
          [
            -4.94406052,
            36.51303855,
            25.4
          ],
          [
            -4.94451875,
            36.51283187,
            21.5
          ],
          [
            -4.94556785,
            36.51236498,
            21.5
          ],
          [
            -4.94572135,
            36.51229668,
            21.5
          ],
          [
            -4.94587259,
            36.51222751,
            20.3
          ],
          [
            -4.9460204,
            36.51215479,
            19.2
          ],
          [
            -4.94616588,
            36.5120785,
            18.3
          ],
          [
            -4.9463079,
            36.51199777,
            17.4
          ],
          [
            -4.94644651,
            36.51191438,
            16.6
          ],
          [
            -4.94658279,
            36.51182743,
            16.0
          ],
          [
            -4.94671449,
            36.51173604,
            15.4
          ],
          [
            -4.94684389,
            36.51164199,
            15.0
          ],
          [
            -4.94696876,
            36.51154531,
            14.6
          ],
          [
            -4.94708908,
            36.5114451,
            14.4
          ],
          [
            -4.94720596,
            36.51134134,
            14.3
          ],
          [
            -4.94722334,
            36.51132212,
            14.3
          ],
          [
            -4.94742423,
            36.5110953,
            13.6
          ],
          [
            -4.94746332,
            36.5110514,
            13.3
          ],
          [
            -4.9474731,
            36.51104042,
            13.3
          ],
          [
            -4.94748722,
            36.51102487,
            13.2
          ],
          [
            -4.94752197,
            36.51098554,
            13.1
          ],
          [
            -4.94758033,
            36.51091942,
            12.905
          ],
          [
            -4.94758143,
            36.51091816,
            12.903
          ],
          [
            -4.94758303,
            36.51091632,
            12.89
          ],
          [
            -4.94760773,
            36.5108877,
            12.7
          ],
          [
            -4.94764683,
            36.51084379,
            12.7
          ],
          [
            -4.94781215,
            36.51062386,
            11.0
          ],
          [
            -4.94786891,
            36.51052739,
            10.8
          ],
          [
            -4.9478732,
            36.51052011,
            10.8
          ],
          [
            -4.94793085,
            36.51041461,
            10.6
          ],
          [
            -4.94798515,
            36.51030917,
            10.4
          ],
          [
            -4.94803718,
            36.51020196,
            10.1
          ],
          [
            -4.94808471,
            36.51009392,
            9.8
          ],
          [
            -4.94813,
            36.50998501,
            9.5
          ],
          [
            -4.94817077,
            36.50987438,
            9.2
          ],
          [
            -4.94820931,
            36.50976378,
            8.8
          ],
          [
            -4.94824448,
            36.50965234,
            8.5
          ],
          [
            -4.9482763,
            36.50954095,
            8.1
          ],
          [
            -4.94830473,
            36.50942782,
            7.7
          ],
          [
            -4.94833223,
            36.50927774,
            7.6
          ],
          [
            -4.94835301,
            36.50912688,
            7.5
          ],
          [
            -4.9483671,
            36.50897612,
            7.4
          ],
          [
            -4.94837446,
            36.50882457,
            7.3
          ],
          [
            -4.94837625,
            36.50867311,
            7.2
          ],
          [
            -4.94837134,
            36.50852176,
            7.1
          ],
          [
            -4.94835862,
            36.50837054,
            6.9
          ],
          [
            -4.94834031,
            36.50821941,
            6.8
          ],
          [
            -4.94831533,
            36.50806929,
            6.6
          ],
          [
            -4.94828477,
            36.50791926,
            6.5
          ],
          [
            -4.94824645,
            36.50777116,
            6.3
          ],
          [
            -4.94806752,
            36.50700252,
            5.4
          ],
          [
            -4.94779474,
            36.50583069,
            5.0
          ],
          [
            -4.94759702,
            36.5048983,
            5.0
          ],
          [
            -4.94755797,
            36.50471416,
            5.0
          ],
          [
            -4.94751479,
            36.50450575,
            4.8
          ],
          [
            -4.94747272,
            36.50429732,
            4.7
          ],
          [
            -4.94743398,
            36.50408794,
            4.7
          ],
          [
            -4.94739747,
            36.50387852,
            4.7
          ],
          [
            -4.94738158,
            36.50377872,
            4.8
          ],
          [
            -4.94736431,
            36.50366904,
            4.8
          ],
          [
            -4.94733338,
            36.50345953,
            5.0
          ],
          [
            -4.94730467,
            36.50324908,
            5.2
          ],
          [
            -4.94727932,
            36.50303947,
            5.6
          ],
          [
            -4.94725618,
            36.50282893,
            5.9
          ],
          [
            -4.94723527,
            36.50261835,
            6.4
          ],
          [
            -4.94721772,
            36.50240772,
            7.0
          ],
          [
            -4.94714684,
            36.50147518,
            7.272
          ],
          [
            -4.94713944,
            36.50137784,
            7.3
          ],
          [
            -4.94713465,
            36.50123099,
            7.3
          ],
          [
            -4.94713206,
            36.50108321,
            7.3
          ],
          [
            -4.94713062,
            36.50093631,
            7.3
          ],
          [
            -4.9471314,
            36.50078938,
            7.3
          ],
          [
            -4.9471344,
            36.5006415,
            7.3
          ],
          [
            -4.94713557,
            36.50060862,
            7.3
          ],
          [
            -4.9471473,
            36.5000013,
            10.179
          ],
          [
            -4.94714733,
            36.49999994,
            10.176
          ],
          [
            -4.94718909,
            36.49966524,
            9.4
          ],
          [
            -4.9472615,
            36.49928464,
            9.184
          ],
          [
            -4.94727365,
            36.49922077,
            9.148
          ]
        ],
        "type": "LineString"
      },
      "id": "VIAL_TR290690192734",
      "properties": {
        "fecha_alta": "2023-12-12T10:57:32.501523",
        "fictitious": "true",
        "formofway_href": "http://inspire.ec.europa.eu/codelist/FormOfWayValue/freeway",
        "functionalclass": "mainRoad",
        "numberoflanes": 2,
        "surfacecategory": "paved"
      },
      "type": "Feature"
    },
    {
      "geometry": {
        "coordinates": [
          [
            -4.94647311,
            36.49698625,
            8.656
          ],
          [
            -4.94591936,
            36.49709641,
            8.4
          ]
        ],
        "type": "LineString"
      },
      "id": "VIAL_TR290690193393",
      "properties": {
        "fecha_alta": "2023-09-21T00:00:00",
        "fictitious": "true",
        "formofway_href": "http://inspire.ec.europa.eu/codelist/FormOfWayValue/singleCarriageway",
        "functionalclass": "firstClass",
        "numberoflanes": 2,
        "surfacecategory": "paved"
      },
      "type": "Feature"
    },
    {
      "geometry": {
        "coordinates": [
          [
            -4.94591936,
            36.49709641,
            8.4
          ],
          [
            -4.94547028,
            36.49718999,
            8.7
          ],
          [
            -4.9448656,
            36.49730143,
            9.1
          ]
        ],
        "type": "LineString"
      },
      "id": "VIAL_TR290690193394",
      "properties": {
        "fecha_alta": "2023-09-21T00:00:00",
        "fictitious": "true",
        "formofway_href": "http://inspire.ec.europa.eu/codelist/FormOfWayValue/singleCarriageway",
        "functionalclass": "firstClass",
        "numberoflanes": 2,
        "surfacecategory": "paved"
      },
      "type": "Feature"
    },
    {
      "geometry": {
        "coordinates": [
          [
            -4.94745258,
            36.49672013,
            7.315
          ],
          [
            -4.9474401,
            36.49672338,
            7.2
          ],
          [
            -4.94730839,
            36.49675628,
            5.525
          ],
          [
            -4.94682292,
            36.49687821,
            4.761
          ],
          [
            -4.94666963,
            36.4969136,
            6.327
          ]
        ],
        "type": "LineString"
      },
      "id": "VIAL_TR290690194943",
      "properties": {
        "fecha_alta": "2025-02-06T11:00:07.294437",
        "fictitious": "false",
        "formofway_href": "http://inspire.ec.europa.eu/codelist/FormOfWayValue/slipRoad",
        "functionalclass": "mainRoad",
        "numberoflanes": null,
        "surfacecategory": "paved"
      },
      "type": "Feature"
    },
    {
      "geometry": {
        "coordinates": [
          [
            -4.94668677,
            36.49695287,
            8.839
          ],
          [
            -4.94647311,
            36.49698625,
            8.656
          ]
        ],
        "type": "LineString"
      },
      "id": "VIAL_TR290690195194",
      "properties": {
        "fecha_alta": "2025-02-06T11:00:07.294437",
        "fictitious": "false",
        "formofway_href": "http://inspire.ec.europa.eu/codelist/FormOfWayValue/slipRoad",
        "functionalclass": "mainRoad",
        "numberoflanes": null,
        "surfacecategory": "paved"
      },
      "type": "Feature"
    },
    {
      "geometry": {
        "coordinates": [
          [
            -4.94955996,
            36.49543531,
            5.387
          ],
          [
            -4.9491628,
            36.49573932,
            5.1
          ],
          [
            -4.94875225,
            36.49608752,
            5.2
          ],
          [
            -4.94839528,
            36.49637249,
            5.485
          ],
          [
            -4.94822531,
            36.49648811,
            5.611
          ],
          [
            -4.94778276,
            36.49663318,
            5.881
          ],
          [
            -4.94748348,
            36.49671209,
            7.6
          ],
          [
            -4.94745258,
            36.49672013,
            7.315
          ]
        ],
        "type": "LineString"
      },
      "id": "VIAL_TR290690195240",
      "properties": {
        "fecha_alta": "2025-02-06T11:00:07.294437",
        "fictitious": "false",
        "formofway_href": "http://inspire.ec.europa.eu/codelist/FormOfWayValue/slipRoad",
        "functionalclass": "mainRoad",
        "numberoflanes": null,
        "surfacecategory": "paved"
      },
      "type": "Feature"
    },
    {
      "geometry": {
        "coordinates": [
          [
            -4.9505864,
            36.49479078,
            5.526
          ],
          [
            -4.9509771,
            36.49440545,
            6.3
          ],
          [
            -4.95164567,
            36.49368546,
            9.0
          ],
          [
            -4.95172701,
            36.4935739,
            9.557
          ]
        ],
        "type": "LineString"
      },
      "id": "VIAL_TR290690195780",
      "properties": {
        "fecha_alta": "2025-02-06T11:00:07.294437",
        "fictitious": "true",
        "formofway_href": "http://inspire.ec.europa.eu/codelist/FormOfWayValue/serviceRoad",
        "functionalclass": "mainRoad",
        "numberoflanes": null,
        "surfacecategory": "paved"
      },
      "type": "Feature"
    },
    {
      "geometry": {
        "coordinates": [
          [
            -4.9488581,
            36.49650679,
            10.157
          ],
          [
            -4.94916491,
            36.4962032,
            11.2
          ],
          [
            -4.95032069,
            36.49505283,
            5.0
          ],
          [
            -4.9503619,
            36.49501218,
            5.083
          ],
          [
            -4.95036332,
            36.49501078,
            5.084
          ],
          [
            -4.95036475,
            36.49500938,
            5.087
          ],
          [
            -4.9505864,
            36.49479078,
            5.526
          ]
        ],
        "type": "LineString"
      },
      "id": "VIAL_TR290690195987",
      "properties": {
        "fecha_alta": "2025-02-06T11:00:07.294437",
        "fictitious": "true",
        "formofway_href": "http://inspire.ec.europa.eu/codelist/FormOfWayValue/serviceRoad",
        "functionalclass": "mainRoad",
        "numberoflanes": null,
        "surfacecategory": "paved"
      },
      "type": "Feature"
    },
    {
      "geometry": {
        "coordinates": [
          [
            -4.95151497,
            36.49238892,
            8.0
          ],
          [
            -4.95166677,
            36.49270148,
            7.9
          ],
          [
            -4.95170195,
            36.49291211,
            7.4
          ],
          [
            -4.95165428,
            36.49309695,
            8.4
          ],
          [
            -4.95146539,
            36.49346211,
            8.9
          ],
          [
            -4.95095921,
            36.4940596,
            6.925
          ]
        ],
        "type": "LineString"
      },
      "id": "VIAL_TR290690196039",
      "properties": {
        "fecha_alta": "2025-02-06T11:00:07.294437",
        "fictitious": "false",
        "formofway_href": "http://inspire.ec.europa.eu/codelist/FormOfWayValue/slipRoad",
        "functionalclass": "mainRoad",
        "numberoflanes": null,
        "surfacecategory": "paved"
      },
      "type": "Feature"
    },
    {
      "geometry": {
        "coordinates": [
          [
            -4.94747902,
            36.49679254,
            9.526
          ],
          [
            -4.94745289,
            36.49679862,
            9.503
          ],
          [
            -4.94733462,
            36.49682215,
            9.401
          ],
          [
            -4.94708254,
            36.49687231,
            9.182
          ],
          [
            -4.94702333,
            36.49688409,
            9.131
          ],
          [
            -4.94684693,
            36.49692014,
            8.978
          ],
          [
            -4.94668677,
            36.49695287,
            8.839
          ]
        ],
        "type": "LineString"
      },
      "id": "VIAL_TR290690196195",
      "properties": {
        "fecha_alta": "2025-02-06T11:00:07.294437",
        "fictitious": "false",
        "formofway_href": "http://inspire.ec.europa.eu/codelist/FormOfWayValue/slipRoad",
        "functionalclass": "mainRoad",
        "numberoflanes": null,
        "surfacecategory": "paved"
      },
      "type": "Feature"
    },
    {
      "geometry": {
        "coordinates": [
          [
            -4.94961773,
            36.49642786,
            8.356
          ],
          [
            -4.94975811,
            36.49640121,
            7.9
          ],
          [
            -4.9505505,
            36.49616913,
            7.9
          ],
          [
            -4.95124811,
            36.49597727,
            10.5
          ],
          [
            -4.95147672,
            36.49596923,
            11.6
          ],
          [
            -4.95166421,
            36.49602051,
            12.4
          ],
          [
            -4.95167973,
            36.49602512,
            5.7
          ]
        ],
        "type": "LineString"
      },
      "id": "VIAL_TR290690196738",
      "properties": {
        "fecha_alta": "2025-02-06T11:00:07.294437",
        "fictitious": "false",
        "formofway_href": "http://inspire.ec.europa.eu/codelist/FormOfWayValue/slipRoad",
        "functionalclass": "mainRoad",
        "numberoflanes": null,
        "surfacecategory": "paved"
      },
      "type": "Feature"
    },
    {
      "geometry": {
        "coordinates": [
          [
            -4.9488581,
            36.49650679,
            10.723
          ],
          [
            -4.94898858,
            36.49648287,
            10.86
          ],
          [
            -4.94930081,
            36.49644969,
            11.1
          ],
          [
            -4.94954892,
            36.4964356,
            8.7
          ],
          [
            -4.94961773,
            36.49642786,
            8.356
          ]
        ],
        "type": "LineString"
      },
      "id": "VIAL_TR290690196870",
      "properties": {
        "fecha_alta": "2025-02-06T11:00:07.294437",
        "fictitious": "false",
        "formofway_href": "http://inspire.ec.europa.eu/codelist/FormOfWayValue/slipRoad",
        "functionalclass": "mainRoad",
        "numberoflanes": null,
        "surfacecategory": "paved"
      },
      "type": "Feature"
    },
    {
      "geometry": {
        "coordinates": [
          [
            -4.95024676,
            36.4947573,
            6.019
          ],
          [
            -4.9500872,
            36.49486333,
            5.303
          ],
          [
            -4.95008629,
            36.49486392,
            5.299
          ],
          [
            -4.94988599,
            36.49499702,
            4.4
          ],
          [
            -4.94976364,
            36.49506258,
            4.2
          ],
          [
            -4.94957473,
            36.49506408,
            3.7
          ],
          [
            -4.94933584,
            36.49503462,
            3.2
          ]
        ],
        "type": "LineString"
      },
      "id": "VIAL_TR290690197128",
      "properties": {
        "fecha_alta": "2025-02-06T11:00:07.294437",
        "fictitious": "false",
        "formofway_href": "http://inspire.ec.europa.eu/codelist/FormOfWayValue/slipRoad",
        "functionalclass": "mainRoad",
        "numberoflanes": null,
        "surfacecategory": "paved"
      },
      "type": "Feature"
    },
    {
      "geometry": {
        "coordinates": [
          [
            -4.94814337,
            36.49741002,
            7.8
          ],
          [
            -4.94848426,
            36.49707733,
            6.5
          ],
          [
            -4.9485061,
            36.49706506,
            6.4
          ],
          [
            -4.94871003,
            36.49685507,
            6.0
          ],
          [
            -4.94892308,
            36.49671448,
            6.613
          ],
          [
            -4.9492025,
            36.49657082,
            7.352
          ],
          [
            -4.94961773,
            36.49642786,
            8.356
          ]
        ],
        "type": "LineString"
      },
      "id": "VIAL_TR290690198414",
      "properties": {
        "fecha_alta": "2025-02-06T11:00:07.294437",
        "fictitious": "false",
        "formofway_href": "http://inspire.ec.europa.eu/codelist/FormOfWayValue/slipRoad",
        "functionalclass": "mainRoad",
        "numberoflanes": null,
        "surfacecategory": "paved"
      },
      "type": "Feature"
    },
    {
      "geometry": {
        "coordinates": [
          [
            -4.94933584,
            36.49503462,
            3.2
          ],
          [
            -4.94948887,
            36.49517196,
            3.7
          ],
          [
            -4.94954193,
            36.49524737,
            4.2
          ],
          [
            -4.94954179,
            36.49532047,
            4.4
          ],
          [
            -4.94955996,
            36.49543531,
            5.387
          ]
        ],
        "type": "LineString"
      },
      "id": "VIAL_TR290690198775",
      "properties": {
        "fecha_alta": "2025-02-06T11:00:07.294437",
        "fictitious": "false",
        "formofway_href": "http://inspire.ec.europa.eu/codelist/FormOfWayValue/slipRoad",
        "functionalclass": "mainRoad",
        "numberoflanes": null,
        "surfacecategory": "paved"
      },
      "type": "Feature"
    },
    {
      "geometry": {
        "coordinates": [
          [
            -4.95162538,
            36.49491872,
            10.8
          ],
          [
            -4.95107404,
            36.49511343,
            5.7
          ],
          [
            -4.95095483,
            36.49514342,
            5.7
          ],
          [
            -4.95090201,
            36.49514841,
            5.7
          ],
          [
            -4.95081635,
            36.49514913,
            5.7
          ],
          [
            -4.95075924,
            36.4951427,
            5.7
          ],
          [
            -4.95070999,
            36.49512771,
            5.7
          ],
          [
            -4.9506693,
            36.49510487,
            5.7
          ],
          [
            -4.95062861,
            36.49507489,
            5.7
          ],
          [
            -4.95059577,
            36.49503491,
            5.7
          ],
          [
            -4.95057793,
            36.49499494,
            5.7
          ],
          [
            -4.95056365,
            36.49495282,
            5.7
          ],
          [
            -4.95055794,
            36.49491927,
            5.7
          ],
          [
            -4.95055794,
            36.49489214,
            5.7
          ],
          [
            -4.95056678,
            36.49485999,
            5.144
          ],
          [
            -4.9505864,
            36.49479078,
            5.526
          ]
        ],
        "type": "LineString"
      },
      "id": "VIAL_TR290690199141",
      "properties": {
        "fecha_alta": "2025-02-06T11:00:07.294437",
        "fictitious": "false",
        "formofway_href": "http://inspire.ec.europa.eu/codelist/FormOfWayValue/slipRoad",
        "functionalclass": "mainRoad",
        "numberoflanes": null,
        "surfacecategory": "paved"
      },
      "type": "Feature"
    },
    {
      "geometry": {
        "coordinates": [
          [
            -4.94814766,
            36.49663704,
            10.095
          ],
          [
            -4.94747902,
            36.49679254,
            9.526
          ]
        ],
        "type": "LineString"
      },
      "id": "VIAL_TR290690199351",
      "properties": {
        "fecha_alta": "2025-02-06T11:00:07.294437",
        "fictitious": "false",
        "formofway_href": "http://inspire.ec.europa.eu/codelist/FormOfWayValue/slipRoad",
        "functionalclass": "mainRoad",
        "numberoflanes": null,
        "surfacecategory": "paved"
      },
      "type": "Feature"
    },
    {
      "geometry": {
        "coordinates": [
          [
            -4.94666963,
            36.4969136,
            6.327
          ],
          [
            -4.94647311,
            36.49698625,
            8.656
          ]
        ],
        "type": "LineString"
      },
      "id": "VIAL_TR290690200000",
      "properties": {
        "fecha_alta": "2025-02-06T11:00:07.294437",
        "fictitious": "false",
        "formofway_href": "http://inspire.ec.europa.eu/codelist/FormOfWayValue/slipRoad",
        "functionalclass": "mainRoad",
        "numberoflanes": null,
        "surfacecategory": "paved"
      },
      "type": "Feature"
    },
    {
      "geometry": {
        "coordinates": [
          [
            -4.9488581,
            36.49650679,
            10.723
          ],
          [
            -4.94874841,
            36.4965269,
            10.628
          ],
          [
            -4.94860974,
            36.49655233,
            10.103
          ],
          [
            -4.94851521,
            36.49656966,
            10.427
          ],
          [
            -4.94814766,
            36.49663704,
            10.111
          ]
        ],
        "type": "LineString"
      },
      "id": "VIAL_TR290690200147",
      "properties": {
        "fecha_alta": "2025-02-06T11:00:07.294437",
        "fictitious": "false",
        "formofway_href": "http://inspire.ec.europa.eu/codelist/FormOfWayValue/slipRoad",
        "functionalclass": "mainRoad",
        "numberoflanes": null,
        "surfacecategory": "paved"
      },
      "type": "Feature"
    },
    {
      "geometry": {
        "coordinates": [
          [
            -4.95239198,
            36.50171331,
            12.522
          ],
          [
            -4.95237845,
            36.50107072,
            12.944
          ],
          [
            -4.95222569,
            36.50026787,
            13.334
          ]
        ],
        "type": "LineString"
      },
      "id": "VIAL_TR290690201334",
      "properties": {
        "fecha_alta": "2020-12-01T00:00:00",
        "fictitious": "true",
        "formofway_href": "http://inspire.ec.europa.eu/codelist/FormOfWayValue/dualCarriageway",
        "functionalclass": null,
        "numberoflanes": null,
        "surfacecategory": "paved"
      },
      "type": "Feature"
    },
    {
      "geometry": {
        "coordinates": [
          [
            -4.95186443,
            36.49621006,
            12.584
          ],
          [
            -4.95191671,
            36.49621342,
            12.747
          ],
          [
            -4.95198354,
            36.49619251,
            13.023
          ]
        ],
        "type": "LineString"
      },
      "id": "VIAL_TR290690201365",
      "properties": {
        "fecha_alta": "2025-02-06T11:00:07.294437",
        "fictitious": "false",
        "formofway_href": "http://inspire.ec.europa.eu/codelist/FormOfWayValue/roundabout",
        "functionalclass": "mainRoad",
        "numberoflanes": null,
        "surfacecategory": "paved"
      },
      "type": "Feature"
    },
    {
      "geometry": {
        "coordinates": [
          [
            -4.95206723,
            36.49748066,
            12.045
          ],
          [
            -4.95217365,
            36.49817775,
            12.407
          ],
          [
            -4.95218409,
            36.49863429,
            12.716
          ]
        ],
        "type": "LineString"
      },
      "id": "VIAL_TR290690201372",
      "properties": {
        "fecha_alta": "2023-09-21T00:00:00",
        "fictitious": "true",
        "formofway_href": "http://inspire.ec.europa.eu/codelist/FormOfWayValue/dualCarriageway",
        "functionalclass": null,
        "numberoflanes": null,
        "surfacecategory": "paved"
      },
      "type": "Feature"
    },
    {
      "geometry": {
        "coordinates": [
          [
            -4.95186443,
            36.49621006,
            12.584
          ],
          [
            -4.95194951,
            36.49672888,
            12.415
          ],
          [
            -4.95199863,
            36.49703127,
            12.368
          ],
          [
            -4.95206723,
            36.49748066,
            12.045
          ]
        ],
        "type": "LineString"
      },
      "id": "VIAL_TR290690201373",
      "properties": {
        "fecha_alta": "2023-09-21T00:00:00",
        "fictitious": "true",
        "formofway_href": "http://inspire.ec.europa.eu/codelist/FormOfWayValue/dualCarriageway",
        "functionalclass": null,
        "numberoflanes": null,
        "surfacecategory": "paved"
      },
      "type": "Feature"
    },
    {
      "geometry": {
        "coordinates": [
          [
            -4.95222569,
            36.50026787,
            13.334
          ],
          [
            -4.95221528,
            36.49989241,
            13.558
          ],
          [
            -4.95222828,
            36.49941441,
            13.402
          ],
          [
            -4.95227579,
            36.49888308,
            13.044
          ]
        ],
        "type": "LineString"
      },
      "id": "VIAL_TR290690201525",
      "properties": {
        "fecha_alta": "2020-12-01T00:00:00",
        "fictitious": "true",
        "formofway_href": "http://inspire.ec.europa.eu/codelist/FormOfWayValue/dualCarriageway",
        "functionalclass": null,
        "numberoflanes": null,
        "surfacecategory": "paved"
      },
      "type": "Feature"
    },
    {
      "geometry": {
        "coordinates": [
          [
            -4.95206723,
            36.49748066,
            12.045
          ],
          [
            -4.95150719,
            36.49769962,
            11.144
          ],
          [
            -4.95109534,
            36.49783463,
            8.802
          ],
          [
            -4.95041677,
            36.49798858,
            6.263
          ],
          [
            -4.9500192,
            36.49811752,
            5.693
          ],
          [
            -4.94967305,
            36.4982806,
            4.98
          ],
          [
            -4.94947738,
            36.4983975,
            4.665
          ],
          [
            -4.94937895,
            36.49850405,
            4.496
          ],
          [
            -4.94932449,
            36.49863613,
            4.212
          ],
          [
            -4.94933051,
            36.49873224,
            4.095
          ],
          [
            -4.94937453,
            36.49890352,
            4.091
          ],
          [
            -4.94948409,
            36.49909705,
            4.277
          ],
          [
            -4.94965677,
            36.49935952,
            4.447
          ],
          [
            -4.94978424,
            36.49954693,
            4.616
          ],
          [
            -4.9499232,
            36.49976039,
            4.912
          ],
          [
            -4.95005177,
            36.4999915,
            5.373
          ],
          [
            -4.95009976,
            36.5001773,
            5.53
          ],
          [
            -4.95020523,
            36.5006391,
            6.002
          ],
          [
            -4.95027609,
            36.50101693,
            6.25
          ],
          [
            -4.95031045,
            36.50123501,
            6.48
          ],
          [
            -4.95032079,
            36.50150305,
            6.631
          ],
          [
            -4.95030792,
            36.5021417,
            7.108
          ],
          [
            -4.95027794,
            36.50252992,
            7.592
          ],
          [
            -4.95019452,
            36.50309102,
            7.862
          ],
          [
            -4.95009754,
            36.50368732,
            8.003
          ],
          [
            -4.95004456,
            36.50416629,
            8.113
          ],
          [
            -4.95005817,
            36.50427685,
            8.156
          ],
          [
            -4.95012577,
            36.50438069,
            8.4
          ],
          [
            -4.95033747,
            36.5045157,
            8.681
          ]
        ],
        "type": "LineString"
      },
      "id": "VIAL_TR290690201752",
      "properties": {
        "fecha_alta": "2023-09-21T00:00:00",
        "fictitious": "false",
        "formofway_href": "http://inspire.ec.europa.eu/codelist/FormOfWayValue/slipRoad",
        "functionalclass": null,
        "numberoflanes": null,
        "surfacecategory": "paved"
      },
      "type": "Feature"
    },
    {
      "geometry": {
        "coordinates": [
          [
            -4.95238238,
            36.49872532,
            13.198
          ],
          [
            -4.95235313,
            36.49867478,
            13.099
          ],
          [
            -4.95230627,
            36.49864202,
            12.959
          ],
          [
            -4.95229324,
            36.49863972,
            12.935
          ]
        ],
        "type": "LineString"
      },
      "id": "VIAL_TR290690201995",
      "properties": {
        "fecha_alta": "2023-09-21T00:00:00",
        "fictitious": "false",
        "formofway_href": "http://inspire.ec.europa.eu/codelist/FormOfWayValue/singleCarriageway",
        "functionalclass": null,
        "numberoflanes": null,
        "surfacecategory": "paved"
      },
      "type": "Feature"
    },
    {
      "geometry": {
        "coordinates": [
          [
            -4.95229324,
            36.49863972,
            12.935
          ],
          [
            -4.95224189,
            36.49863068,
            12.835
          ],
          [
            -4.95218409,
            36.49863429,
            12.716
          ]
        ],
        "type": "LineString"
      },
      "id": "VIAL_TR290690201996",
      "properties": {
        "fecha_alta": "2020-12-01T00:00:00",
        "fictitious": "false",
        "formofway_href": "http://inspire.ec.europa.eu/codelist/FormOfWayValue/singleCarriageway",
        "functionalclass": null,
        "numberoflanes": null,
        "surfacecategory": "paved"
      },
      "type": "Feature"
    },
    {
      "geometry": {
        "coordinates": [
          [
            -4.95234715,
            36.49885337,
            13.195
          ],
          [
            -4.95238409,
            36.49879307,
            13.252
          ],
          [
            -4.9523834,
            36.49876569,
            69.1
          ],
          [
            -4.95238238,
            36.49872532,
            69.1
          ]
        ],
        "type": "LineString"
      },
      "id": "VIAL_TR290690201997",
      "properties": {
        "fecha_alta": "2023-09-21T00:00:00",
        "fictitious": "false",
        "formofway_href": "http://inspire.ec.europa.eu/codelist/FormOfWayValue/singleCarriageway",
        "functionalclass": null,
        "numberoflanes": null,
        "surfacecategory": "paved"
      },
      "type": "Feature"
    },
    {
      "geometry": {
        "coordinates": [
          [
            -4.95216851,
            36.49887167,
            12.813
          ],
          [
            -4.952252,
            36.49888925,
            13.001
          ],
          [
            -4.95227579,
            36.49888308,
            13.044
          ]
        ],
        "type": "LineString"
      },
      "id": "VIAL_TR290690201998",
      "properties": {
        "fecha_alta": "2020-12-01T00:00:00",
        "fictitious": "false",
        "formofway_href": "http://inspire.ec.europa.eu/codelist/FormOfWayValue/singleCarriageway",
        "functionalclass": null,
        "numberoflanes": null,
        "surfacecategory": "paved"
      },
      "type": "Feature"
    },
    {
      "geometry": {
        "coordinates": [
          [
            -4.95218409,
            36.49863429,
            12.716
          ],
          [
            -4.95216258,
            36.49863563,
            12.686
          ],
          [
            -4.95211383,
            36.49867141,
            12.615
          ],
          [
            -4.95208683,
            36.49871048,
            12.624
          ],
          [
            -4.95208382,
            36.49877029,
            12.668
          ],
          [
            -4.95210981,
            36.49883473,
            12.689
          ],
          [
            -4.95216851,
            36.49887167,
            12.813
          ]
        ],
        "type": "LineString"
      },
      "id": "VIAL_TR290690202135",
      "properties": {
        "fecha_alta": "2020-12-01T00:00:00",
        "fictitious": "false",
        "formofway_href": "http://inspire.ec.europa.eu/codelist/FormOfWayValue/singleCarriageway",
        "functionalclass": null,
        "numberoflanes": null,
        "surfacecategory": "paved"
      },
      "type": "Feature"
    },
    {
      "geometry": {
        "coordinates": [
          [
            -4.95227579,
            36.49888308,
            13.044
          ],
          [
            -4.95233899,
            36.49886669,
            13.182
          ],
          [
            -4.95234715,
            36.49885337,
            13.195
          ]
        ],
        "type": "LineString"
      },
      "id": "VIAL_TR290690203055",
      "properties": {
        "fecha_alta": "2023-09-21T00:00:00",
        "fictitious": "false",
        "formofway_href": "http://inspire.ec.europa.eu/codelist/FormOfWayValue/singleCarriageway",
        "functionalclass": null,
        "numberoflanes": null,
        "surfacecategory": "paved"
      },
      "type": "Feature"
    },
    {
      "geometry": {
        "coordinates": [
          [
            -4.95234715,
            36.49885337,
            69.1
          ],
          [
            -4.952496,
            36.498954,
            69.1
          ]
        ],
        "type": "LineString"
      },
      "id": "VIAL_TR290690203056",
      "properties": {
        "fecha_alta": "2023-09-21T00:00:00",
        "fictitious": "false",
        "formofway_href": "http://inspire.ec.europa.eu/codelist/FormOfWayValue/slipRoad",
        "functionalclass": null,
        "numberoflanes": null,
        "surfacecategory": "paved"
      },
      "type": "Feature"
    },
    {
      "geometry": {
        "coordinates": [
          [
            -4.95307997,
            36.49606278,
            5.7
          ],
          [
            -4.95330555,
            36.49618828,
            5.7
          ]
        ],
        "type": "LineString"
      },
      "id": "VIAL_TR290690203219",
      "properties": {
        "fecha_alta": "2023-09-21T00:00:00",
        "fictitious": "false",
        "formofway_href": "http://inspire.ec.europa.eu/codelist/FormOfWayValue/slipRoad",
        "functionalclass": null,
        "numberoflanes": null,
        "surfacecategory": "paved"
      },
      "type": "Feature"
    },
    {
      "geometry": {
        "coordinates": [
          [
            -4.95330555,
            36.49618828,
            5.7
          ],
          [
            -4.95328842,
            36.49614069,
            5.7
          ],
          [
            -4.95328461,
            36.49609882,
            5.7
          ],
          [
            -4.95330511,
            36.4960563,
            5.7
          ]
        ],
        "type": "LineString"
      },
      "id": "VIAL_TR290690203220",
      "properties": {
        "fecha_alta": "2023-09-21T00:00:00",
        "fictitious": "false",
        "formofway_href": "http://inspire.ec.europa.eu/codelist/FormOfWayValue/slipRoad",
        "functionalclass": null,
        "numberoflanes": null,
        "surfacecategory": "paved"
      },
      "type": "Feature"
    },
    {
      "geometry": {
        "coordinates": [
          [
            -4.95211507,
            36.4951209,
            12.947
          ],
          [
            -4.95189668,
            36.49508963,
            11.7
          ]
        ],
        "type": "LineString"
      },
      "id": "VIAL_TR290690203221",
      "properties": {
        "fecha_alta": "2025-02-06T11:00:07.294437",
        "fictitious": "false",
        "formofway_href": "http://inspire.ec.europa.eu/codelist/FormOfWayValue/slipRoad",
        "functionalclass": "mainRoad",
        "numberoflanes": null,
        "surfacecategory": "paved"
      },
      "type": "Feature"
    },
    {
      "geometry": {
        "coordinates": [
          [
            -4.95188107,
            36.49587544,
            13.1
          ],
          [
            -4.95186254,
            36.49587638,
            13.0
          ],
          [
            -4.9518442,
            36.49587865,
            13.0
          ],
          [
            -4.95182618,
            36.49588222,
            13.0
          ]
        ],
        "type": "LineString"
      },
      "id": "VIAL_TR290690203222",
      "properties": {
        "fecha_alta": "2025-02-06T11:00:07.294437",
        "fictitious": "false",
        "formofway_href": "http://inspire.ec.europa.eu/codelist/FormOfWayValue/roundabout",
        "functionalclass": "mainRoad",
        "numberoflanes": null,
        "surfacecategory": "paved"
      },
      "type": "Feature"
    },
    {
      "geometry": {
        "coordinates": [
          [
            -4.95187084,
            36.49578014,
            5.7
          ],
          [
            -4.95182618,
            36.49588222,
            5.7
          ]
        ],
        "type": "LineString"
      },
      "id": "VIAL_TR290690203223",
      "properties": {
        "fecha_alta": "2025-02-06T11:00:07.294437",
        "fictitious": "false",
        "formofway_href": "http://inspire.ec.europa.eu/codelist/FormOfWayValue/slipRoad",
        "functionalclass": "mainRoad",
        "numberoflanes": null,
        "surfacecategory": "paved"
      },
      "type": "Feature"
    },
    {
      "geometry": {
        "coordinates": [
          [
            -4.95151714,
            36.49525689,
            5.7
          ],
          [
            -4.95151163,
            36.49529261,
            5.7
          ],
          [
            -4.95151173,
            36.49534136,
            9.7
          ],
          [
            -4.95155917,
            36.4957667,
            9.9
          ],
          [
            -4.95153393,
            36.4958074,
            10.2
          ],
          [
            -4.95148465,
            36.49583152,
            10.2
          ],
          [
            -4.95090411,
            36.49597188,
            8.278
          ],
          [
            -4.95057107,
            36.49604742,
            5.7
          ],
          [
            -4.95052539,
            36.49605408,
            5.7
          ],
          [
            -4.95048731,
            36.4960379,
            5.7
          ],
          [
            -4.95020991,
            36.49536265,
            6.1
          ]
        ],
        "type": "LineString"
      },
      "id": "VIAL_TR290690203224",
      "properties": {
        "fecha_alta": "2023-09-21T00:00:00",
        "fictitious": "true",
        "formofway_href": "http://inspire.ec.europa.eu/codelist/FormOfWayValue/singleCarriageway",
        "functionalclass": null,
        "numberoflanes": null,
        "surfacecategory": "paved"
      },
      "type": "Feature"
    },
    {
      "geometry": {
        "coordinates": [
          [
            -4.95020991,
            36.49536265,
            6.1
          ],
          [
            -4.95030267,
            36.49532406,
            5.7
          ],
          [
            -4.95043669,
            36.49530111,
            6.58
          ],
          [
            -4.95048828,
            36.49529662,
            6.733
          ],
          [
            -4.95078617,
            36.49528028,
            5.7
          ],
          [
            -4.950987,
            36.49526315,
            5.7
          ],
          [
            -4.9510403,
            36.49525173,
            5.7
          ],
          [
            -4.95118212,
            36.49521175,
            5.7
          ],
          [
            -4.95131346,
            36.49516702,
            5.7
          ],
          [
            -4.95135335,
            36.49514618,
            6.502
          ]
        ],
        "type": "LineString"
      },
      "id": "VIAL_TR290690203225",
      "properties": {
        "fecha_alta": "2023-09-21T00:00:00",
        "fictitious": "true",
        "formofway_href": "http://inspire.ec.europa.eu/codelist/FormOfWayValue/singleCarriageway",
        "functionalclass": null,
        "numberoflanes": null,
        "surfacecategory": "paved"
      },
      "type": "Feature"
    },
    {
      "geometry": {
        "coordinates": [
          [
            -4.95135335,
            36.49514618,
            5.7
          ],
          [
            -4.95145309,
            36.49519624,
            5.7
          ],
          [
            -4.95151714,
            36.49525689,
            5.7
          ]
        ],
        "type": "LineString"
      },
      "id": "VIAL_TR290690203226",
      "properties": {
        "fecha_alta": "2023-09-21T00:00:00",
        "fictitious": "false",
        "formofway_href": "http://inspire.ec.europa.eu/codelist/FormOfWayValue/slipRoad",
        "functionalclass": null,
        "numberoflanes": null,
        "surfacecategory": "paved"
      },
      "type": "Feature"
    },
    {
      "geometry": {
        "coordinates": [
          [
            -4.95175809,
            36.49516046,
            5.7
          ],
          [
            -4.95181643,
            36.49520552,
            5.7
          ],
          [
            -4.95183928,
            36.49523907,
            5.7
          ],
          [
            -4.95184637,
            36.49525743,
            5.7
          ]
        ],
        "type": "LineString"
      },
      "id": "VIAL_TR290690203227",
      "properties": {
        "fecha_alta": "2025-02-06T11:00:07.294437",
        "fictitious": "false",
        "formofway_href": "http://inspire.ec.europa.eu/codelist/FormOfWayValue/slipRoad",
        "functionalclass": "mainRoad",
        "numberoflanes": 1,
        "surfacecategory": "paved"
      },
      "type": "Feature"
    },
    {
      "geometry": {
        "coordinates": [
          [
            -4.95184637,
            36.49525743,
            5.7
          ],
          [
            -4.95189668,
            36.49508963,
            5.7
          ]
        ],
        "type": "LineString"
      },
      "id": "VIAL_TR290690203228",
      "properties": {
        "fecha_alta": "2025-02-06T11:00:07.294437",
        "fictitious": "false",
        "formofway_href": "http://inspire.ec.europa.eu/codelist/FormOfWayValue/slipRoad",
        "functionalclass": "mainRoad",
        "numberoflanes": 1,
        "surfacecategory": "paved"
      },
      "type": "Feature"
    },
    {
      "geometry": {
        "coordinates": [
          [
            -4.95186367,
            36.49491735,
            5.7
          ],
          [
            -4.95184614,
            36.49487868,
            5.7
          ],
          [
            -4.95183175,
            36.49482994,
            5.7
          ],
          [
            -4.95182345,
            36.494774,
            5.7
          ],
          [
            -4.95181681,
            36.49463556,
            5.7
          ]
        ],
        "type": "LineString"
      },
      "id": "VIAL_TR290690203229",
      "properties": {
        "fecha_alta": "2025-02-06T11:00:07.294437",
        "fictitious": "false",
        "formofway_href": "http://inspire.ec.europa.eu/codelist/FormOfWayValue/slipRoad",
        "functionalclass": "mainRoad",
        "numberoflanes": 1,
        "surfacecategory": "paved"
      },
      "type": "Feature"
    },
    {
      "geometry": {
        "coordinates": [
          [
            -4.95181681,
            36.49463556,
            5.7
          ],
          [
            -4.95181307,
            36.49464503,
            5.7
          ],
          [
            -4.9517692,
            36.49478257,
            5.7
          ],
          [
            -4.95174636,
            36.4948097,
            5.7
          ],
          [
            -4.9517021,
            36.49484824,
            5.7
          ],
          [
            -4.95166225,
            36.4948793,
            5.7
          ],
          [
            -4.95162538,
            36.49491872,
            5.7
          ]
        ],
        "type": "LineString"
      },
      "id": "VIAL_TR290690203230",
      "properties": {
        "fecha_alta": "2025-02-06T11:00:07.294437",
        "fictitious": "false",
        "formofway_href": "http://inspire.ec.europa.eu/codelist/FormOfWayValue/slipRoad",
        "functionalclass": "mainRoad",
        "numberoflanes": 1,
        "surfacecategory": "paved"
      },
      "type": "Feature"
    },
    {
      "geometry": {
        "coordinates": [
          [
            -4.95135335,
            36.49514618,
            5.7
          ],
          [
            -4.95160363,
            36.49510168,
            5.7
          ]
        ],
        "type": "LineString"
      },
      "id": "VIAL_TR290690203231",
      "properties": {
        "fecha_alta": "2025-02-06T11:00:07.294437",
        "fictitious": "false",
        "formofway_href": "http://inspire.ec.europa.eu/codelist/FormOfWayValue/slipRoad",
        "functionalclass": "mainRoad",
        "numberoflanes": null,
        "surfacecategory": "paved"
      },
      "type": "Feature"
    },
    {
      "geometry": {
        "coordinates": [
          [
            -4.95184637,
            36.49525743,
            5.7
          ],
          [
            -4.95185609,
            36.49524776,
            5.7
          ],
          [
            -4.95193767,
            36.49516376,
            5.7
          ],
          [
            -4.95199906,
            36.49514234,
            5.7
          ],
          [
            -4.95211507,
            36.4951209,
            5.7
          ]
        ],
        "type": "LineString"
      },
      "id": "VIAL_TR290690203232",
      "properties": {
        "fecha_alta": "2025-02-06T11:00:07.294437",
        "fictitious": "false",
        "formofway_href": "http://inspire.ec.europa.eu/codelist/FormOfWayValue/slipRoad",
        "functionalclass": "mainRoad",
        "numberoflanes": null,
        "surfacecategory": "paved"
      },
      "type": "Feature"
    },
    {
      "geometry": {
        "coordinates": [
          [
            -4.95157206,
            36.49503195,
            10.9
          ],
          [
            -4.95149223,
            36.49508381,
            5.7
          ],
          [
            -4.95142228,
            36.49511807,
            5.7
          ],
          [
            -4.95135335,
            36.49514618,
            6.502
          ]
        ],
        "type": "LineString"
      },
      "id": "VIAL_TR290690204089",
      "properties": {
        "fecha_alta": "2025-02-06T11:00:07.294437",
        "fictitious": "false",
        "formofway_href": "http://inspire.ec.europa.eu/codelist/FormOfWayValue/slipRoad",
        "functionalclass": "mainRoad",
        "numberoflanes": null,
        "surfacecategory": "paved"
      },
      "type": "Feature"
    },
    {
      "geometry": {
        "coordinates": [
          [
            -4.95160363,
            36.49510168,
            11.15
          ],
          [
            -4.95154161,
            36.4951634,
            5.7
          ],
          [
            -4.95152804,
            36.49518625,
            5.7
          ],
          [
            -4.95151714,
            36.49525689,
            5.7
          ]
        ],
        "type": "LineString"
      },
      "id": "VIAL_TR290690204090",
      "properties": {
        "fecha_alta": "2023-09-21T00:00:00",
        "fictitious": "true",
        "formofway_href": "http://inspire.ec.europa.eu/codelist/FormOfWayValue/singleCarriageway",
        "functionalclass": null,
        "numberoflanes": null,
        "surfacecategory": "paved"
      },
      "type": "Feature"
    }
  ],
  "properties": {
    "legal_access_status": "NOT_ESTABLISHED",
    "source": "IGN/SCNE RoadLink"
  },
  "type": "FeatureCollection"
}
